Temperature_C,Vibration_mm_s,Battery_Level_Percent,Flight_Time_minutes,Rotor_Speed_RPM,Payload_Weight_kg,Maintenance_Required,Fog,Dust,Smoke
92.64052346,0.555596268,52.04083709,2.09290371,5930.676878,0.139387077,No,0,0,0
79.00157208,0.589247389,52.87325874,100.4134062,6462.010169,3.675711601,No,0,0,1
84.78737984,0.457768518,28.26025765,120.3828713,5363.383412,0.211108261,No,0,0,0
97.40893199,0.510471403,61.52791515,16.08163902,6765.884211,3.370397709,No,0,0,1
93.6755799,0.522805333,27.74425754,113.1353097,5982.113888,1.061844227,No,0,0,0
65.2272212,0.520147995,91.18097087,32.98799916,6395.430751,2.955954942,Yes,0,0,0
84.50088418,0.554077359,24.94758266,49.2672095,6323.108887,1.379873437,No,0,0,0
73.48642792,0.318192237,55.97555442,63.07851938,5934.214544,0.112014069,No,0,0,0
73.96781148,0.495067593,42.77552531,14.8222318,5912.316822,3.427685246,No,0,0,0
79.10598502,0.52390336,32.38955325,395.9244539,6610.791571,2.243295721,No,0,1,0
76.44043571,0.399966965,82.70693527,436.8768067,6513.248702,3.621153313,No,0,0,1
89.54273507,0.667398571,77.19459191,70.65482504,5113.88444,0.281422492,No,0,0,0
82.61037725,0.516155927,31.67583121,35.72247143,5153.797131,2.651017108,No,0,0,0
76.21675016,0.656340475,70.62125129,382.1208318,5526.88969,0.271331973,No,0,0,0
79.43863233,0.420947698,83.40441339,204.4876809,5553.227301,0.719235228,No,1,0,0
78.33674327,0.409269988,81.86657763,154.5819645,5440.737064,3.922066287,No,0,0,0
89.94079073,0.522425222,27.38236781,74.34563307,6136.055322,1.143361524,No,0,0,0
72.94841736,0.332131164,74.84101752,63.4336888,5768.147776,0.466617587,No,0,0,0
78.13067702,0.521496559,77.28191367,181.3409094,6603.062311,0.709043589,Yes,0,0,0
66.45904261,0.509721923,88.97330136,87.9797593,6726.438883,0.707161048,No,0,0,0
49.47010184,0.601566528,60.64354711,129.6627962,5985.658381,4.219119455,No,0,1,0
81.53618595,0.570104134,56.88752002,100.2186602,6841.728974,2.949712684,No,0,0,0
83.64436199,0.458252265,97.20930599,149.4526537,6012.107155,3.961745107,No,0,0,0
67.5783498,0.390250335,83.72098046,11.85982538,5782.604677,1.286095482,No,0,0,0
97.69754624,0.671230522,64.69847926,56.90474351,6032.39287,3.131704162,No,0,0,0
60.45634325,0.420788498,46.4493657,21.93944539,6472.430001,4.494537955,No,0,0,0
75.45758517,0.395447544,87.61903968,33.25557727,5192.769514,2.669777454,No,0,0,0
73.1281615,0.391514394,56.43491116,26.90093138,5895.700339,4.353670281,No,0,0,0
90.32779214,0.611730532,27.41481537,83.97767433,6148.70283,1.090228573,No,0,0,0
89.6935877,0.44810998,56.39234182,2.301080658,6181.542333,4.8346335,No,0,0,0
76.54947426,0.424629553,89.75747169,398.8004161,5815.781828,0.398462443,No,1,0,0
78.7816252,0.513768983,55.86257175,87.81753681,6244.392871,3.805541799,No,1,0,0
66.12214252,0.479305529,21.14793182,6.480458593,6146.060809,1.008594121,No,0,0,0
55.19203532,0.432190454,68.91882591,137.5047864,5704.045943,0.58443851,No,0,0,0
71.52087851,0.575399147,99.66640027,37.58264217,7090.799314,2.795129658,Yes,1,0,0
76.56348969,0.606531549,85.37988672,13.54901728,6219.775103,1.585111413,No,0,0,0
87.30290681,0.598531751,69.37903573,212.8493793,5834.408325,1.112599756,Yes,0,0,0
87.02379849,0.576691967,93.15191094,26.46377633,5714.140483,2.195616449,Yes,0,0,0
71.12673183,0.540262553,85.08653453,13.27884462,6514.704459,4.942107165,No,0,1,0
71.97697249,0.3224112,59.89114822,7.030775924,6051.029896,3.163387792,No,0,1,0
64.51447035,0.666925081,67.29762283,156.4807015,7274.056349,1.393014828,No,0,0,0
60.79982063,0.530198921,78.50342474,127.7996874,5782.037939,4.929511016,No,0,0,0
57.93729809,0.560815643,87.71409312,0.987952609,5378.696531,1.395833404,No,0,0,1
94.50775395,0.611496232,24.65411219,30.04335502,5986.150771,3.598258059,No,0,0,1
69.90347818,0.64333525,81.98430857,146.3643171,6087.533729,1.316664073,Yes,0,0,0
70.61925698,0.541839801,55.8002752,19.80489111,4940.774683,3.87153224,No,0,0,0
62.4720464,0.543554616,72.86388482,103.175293,5845.415743,3.219920622,No,0,0,0
82.77490356,0.440077572,81.17064088,28.76710374,5815.792279,2.863534313,No,0,0,0
58.86102152,0.503308975,63.160154,71.57349115,5815.618232,2.294474371,Yes,1,1,0
72.8725972,0.414583874,32.68118805,242.4710564,5684.887126,1.214216299,Yes,0,0,0
66.04533439,0.428005947,52.76214652,43.24692262,5328.403728,3.047136192,Yes,0,1,0
78.86902498,0.41064256,26.1498395,138.992924,6379.019026,4.371737746,No,0,0,0
69.89194862,0.484397611,75.14405529,69.21047623,5708.079578,0.15652707,No,1,0,0
63.19367816,0.604909319,96.29649456,12.13172098,5488.149274,3.663348694,No,0,1,0
74.71817772,0.817097477,83.62022498,53.67357273,5620.032866,4.399612676,Yes,0,0,0
79.28331871,0.518949964,51.18291382,220.8736864,5763.83838,3.084438901,No,0,0,0
75.66517222,0.365158691,66.74331968,433.6359069,6054.323562,1.292153162,No,0,1,0
78.02471898,0.626498333,44.33605407,223.782865,6334.169493,1.757375297,Yes,0,0,0
68.65677906,0.469921612,63.28364796,21.241171,5523.410251,3.744024105,No,0,0,0
71.37258834,0.433939141,44.05815246,50.86774808,5760.351301,1.834111822,Yes,0,0,0
68.27539552,0.520984948,79.06598054,213.4764659,5327.246136,0.04036578,No,0,0,0
71.40446838,0.37593754,40.74732064,96.86436279,4303.850003,0.527591473,No,0,0,0
66.86853718,0.522246316,97.12163123,179.6326827,6077.896965,1.426701851,No,0,0,0
57.73717398,0.491162448,72.95589857,180.4922516,6760.001759,1.965849016,No,0,0,0
76.77426142,0.509837791,25.50222781,8.848939583,6261.041627,1.821623615,No,0,0,0
70.98219064,0.538141625,20.86222108,50.30021034,5746.470022,4.032138606,No,1,0,0
58.69801653,0.506749226,99.76370754,78.24558184,6048.239571,1.107913681,No,0,0,0
79.62782256,0.501633808,37.64044626,348.5419573,5412.58995,2.051566578,No,0,0,0
65.92701636,0.528431452,45.00501988,274.2033759,5938.853821,4.071134471,No,0,1,0
75.51945396,0.541540063,36.67312114,65.99621324,5786.145373,3.967186403,Yes,0,1,0
82.29090562,0.396851754,94.2481418,12.06677251,5573.642884,1.026126531,No,0,0,0
76.28982911,0.357000874,72.16102877,62.21098841,6202.826115,1.820365061,Yes,0,0,0
86.39400685,0.493836195,60.35090588,92.11948964,7299.933582,0.781565748,No,0,0,0
62.6517418,0.356726451,64.61206516,281.7063697,6832.724753,0.450499941,Yes,0,0,0
79.02341641,0.508753147,45.42982778,41.92634863,5963.963489,2.770965931,No,0,1,0
68.15189909,0.593874688,69.13400019,44.3302643,6442.057327,1.597461212,No,0,1,0
66.29202851,0.560711167,53.56802908,118.4001871,6431.353717,2.568446083,No,0,1,1
69.21150335,0.395182959,35.93825171,84.43014855,5676.230987,2.939549493,No,0,0,0
71.88447468,0.413973755,72.52840798,26.15916442,6321.952037,3.030961338,No,0,0,0
75.56165342,0.53283013,49.90724554,18.76018245,5279.503951,4.703826033,No,0,0,0
63.34850159,0.459870219,82.80531033,80.68310109,5597.350804,1.173246099,No,0,0,0
84.00826487,0.46833447,53.2315966,181.3635813,6119.376435,4.490426466,No,0,0,0
79.6566244,0.559690648,60.66171,181.0595161,5792.606169,0.256543309,No,0,0,0
59.63756314,0.401271331,82.99731833,446.5866031,6878.239322,0.151914196,No,0,0,0
89.88252194,0.459876529,55.83024743,57.89155563,6324.020217,0.543840349,Yes,1,0,0
93.95889176,0.419991752,97.29769081,59.70754111,5808.980939,3.218445735,No,0,0,0
86.78779571,0.39568705,83.44229338,0.218538249,5764.710143,2.651467587,No,0,0,0
73.20075164,0.414292181,86.11443243,212.5765048,6093.485304,0.810615916,No,0,0,0
64.29247378,0.567746217,96.31363734,124.8282251,5472.234356,0.739524737,No,0,0,0
85.54451727,0.505182039,51.10805031,176.3204896,6297.805977,2.647146542,No,0,1,0
70.96823053,0.412083937,66.40642113,76.32657759,5312.349025,4.795029494,No,0,0,0
87.2244507,0.476889839,75.48733926,303.3780218,6311.505098,0.91365003,No,0,0,0
77.08274978,0.336119269,73.87667868,3.545521691,5917.702634,1.295647551,Yes,0,0,0
84.76639036,0.426668719,96.23494356,14.69824861,6207.306759,0.602916462,No,0,1,0
78.56366397,0.714957453,43.06789071,56.59592297,5493.707037,2.973009218,No,0,1,0
82.06573168,0.490975615,43.30892229,10.67363604,6122.492604,4.633846449,No,0,0,0
75.10500021,0.573165893,93.44035216,11.0390832,7206.173871,1.190075707,No,0,0,0
92.85870494,0.493451162,83.94445134,100.4068261,5771.391624,2.362106316,No,0,0,0
76.26912093,0.534816924,36.26852993,29.22022895,6158.69993,4.538072793,No,0,0,0
79.01989363,0.566325809,65.60375025,118.1917861,6752.783475,3.541415703,Yes,0,0,0
93.83150697,0.38953834,79.66109873,318.0867138,6380.852072,2.641433317,Yes,0,0,0
61.52240939,0.496906374,48.24291124,208.3922694,6215.942742,3.19653384,No,0,0,1
62.29515002,0.657886519,54.7505801,34.27097313,5493.155364,3.654197851,No,0,0,0
84.69396708,0.420449945,66.03172893,11.27284046,5361.205814,3.64239226,Yes,0,0,0
63.26876595,0.443356015,57.3686846,359.9506879,6026.71622,2.424885542,No,0,0,1
94.43621186,0.469230872,80.24339121,624.2721252,5768.382072,1.407379969,No,0,0,0
70.86381019,0.526902407,20.47510029,56.30349537,5990.470893,1.030872964,No,1,1,0
67.52545189,0.552491786,54.77060195,74.09293367,6102.828337,4.593069388,No,0,0,1
94.22942026,0.626741165,47.00651003,18.84529601,5661.786081,0.291233482,No,0,0,0
89.80514791,0.549949823,68.73312423,148.6197569,6247.051513,1.685365702,No,0,0,0
93.6755896,0.493794687,82.07667535,65.74722892,6929.278094,3.450250689,No,0,0,0
84.06044658,0.625916713,26.09161298,194.9554119,5495.329506,3.000345137,No,0,1,0
66.38774315,0.570411102,32.64477869,103.330175,5765.226821,2.166093001,No,0,0,0
94.10064953,0.350432048,73.20652993,5.247120997,5975.194671,0.521164329,No,1,0,0
72.31996629,0.752636824,79.07219528,48.94798566,6570.229837,0.697640256,No,1,0,0
83.02456396,0.676992139,67.05614217,198.4043752,5406.809,3.482614364,No,0,0,0
84.47251968,0.483178578,98.62426792,139.8140595,5467.425948,2.418483072,No,0,0,0
73.44989907,0.53779101,59.95691913,120.1342675,4918.169494,1.697753655,No,0,1,0
81.1407937,0.632435875,30.90338681,133.9537679,5779.818893,1.873967655,No,0,0,0
84.22206672,0.482779921,74.90328483,111.4755449,6340.072883,2.143429904,No,0,1,0
78.76425531,0.573035179,68.16604178,122.9735117,6532.612354,3.415283094,No,0,0,0
64.00599209,0.610457847,67.233718,116.2431373,6178.576831,3.004738948,No,0,0,0
77.98238174,0.398517409,63.66829082,91.48113601,5699.52151,0.352414897,Yes,0,0,0
88.26385897,0.439766815,95.12765676,170.1327795,6353.235807,0.787389295,No,0,1,1
68.0543214,0.59214084,30.33251175,55.34763949,6102.159295,0.352778435,No,0,0,0
73.5036546,0.546081448,25.85578388,77.37733174,5039.647201,0.172950629,No,0,0,0
70.64846448,0.592379656,32.32937355,61.589337,5385.952584,3.88002459,No,0,0,0
93.49263728,0.486743199,39.59921679,28.16681451,6755.932653,4.254794538,No,0,0,0
81.72294757,0.471099479,67.43570555,46.61330788,6161.102541,2.080889161,No,0,0,0
79.07461836,0.300136052,68.99401993,6.790356811,5312.602806,4.844203923,Yes,0,0,0
67.30083926,0.385399957,38.6081502,47.25894884,6409.976554,4.317988511,No,0,0,0
80.39249191,0.504706609,59.13803994,59.43032028,6530.71748,4.301925219,Yes,0,1,0
68.25667339,0.582455722,58.56494822,11.764368,5782.482985,1.835922,No,0,0,0
75.31830558,0.553117837,56.2488613,29.88540351,6328.841048,4.771735816,No,0,0,0
68.64153922,0.487175803,84.28362359,34.44855068,4129.949681,3.744649228,Yes,0,0,0
81.76433295,0.472822843,57.73544559,30.97016466,6486.788398,1.768462146,No,0,0,0
80.76590817,0.521717963,80.66923968,51.73488642,6587.577696,4.44416447,No,0,0,0
72.91701244,0.507821118,33.31849054,18.7810697,5437.648643,0.0205615,No,0,0,0
78.96006713,0.640454551,62.55738753,157.7891302,6141.0427,2.857955206,Yes,0,1,0
64.06938491,0.514644077,85.92838209,50.34552769,5830.939728,2.600863965,No,0,0,0
60.08742407,0.351875404,34.21732671,15.66297072,5948.73526,0.408949703,No,0,0,0
79.39391701,0.372744186,57.1937735,108.0500214,5787.559778,4.311782448,Yes,0,1,0
76.66673495,0.651875934,68.72634528,23.76263712,5333.852267,1.408555838,No,1,0,0
81.35031437,0.382883954,34.78196599,7.177175352,6945.201852,1.881750397,No,0,0,0
98.83144775,0.576449745,80.54124847,21.39363649,5844.844575,2.375767072,Yes,0,1,0
84.44479487,0.473162726,26.31969982,65.36618769,6052.377522,4.084674152,No,1,0,0
65.87177775,0.483024171,95.71324071,141.9080155,5495.29971,2.974690154,No,0,0,0
86.17016288,0.486586722,57.45771954,123.0994904,5481.566419,2.819786018,No,0,1,0
61.84092589,0.622138496,46.88984691,0.626349322,6206.299208,1.81188788,No,0,0,0
70.38415395,0.480715817,29.34456057,189.1729909,6263.19604,1.398423359,No,0,0,0
74.31758395,0.496668072,54.60773145,49.08036322,6438.962085,2.39060116,Yes,0,0,0
92.13342722,0.34691965,72.78432235,136.6255454,6551.887001,1.27866766,No,0,0,0
67.55245178,0.520669051,27.55898233,3.986263073,5894.89623,1.697557191,No,0,0,0
66.73561461,0.553104251,44.50152761,60.06311047,5777.898468,2.201881675,Yes,0,0,0
74.01547476,0.523914558,86.88140662,2.376640637,6373.406916,4.217504322,Yes,0,1,0
68.36521714,0.639789626,71.69448205,203.3639034,5681.280398,4.652553084,No,0,0,0
86.26635922,0.505517135,36.50984095,24.83805623,6435.879248,4.148706848,No,0,0,0
64.20068492,0.529897746,32.87278366,134.7048011,6187.250144,2.628498574,No,1,0,0
63.52531348,0.664850401,92.3588021,38.93250869,6577.513217,3.557786266,Yes,0,0,0
70.62179955,0.344998581,42.96161771,17.45181204,6335.195844,1.676043046,No,0,1,0
70.01967549,0.454417465,34.36001351,319.618571,5472.777088,2.295984613,Yes,1,0,0
94.29532054,0.642615875,99.99712148,108.4714792,5567.183179,4.702448282,Yes,0,0,1
84.49420807,0.593612915,44.73534622,265.5633871,6366.242649,1.7747374,Yes,0,0,0
75.87551241,0.56783801,29.97921502,43.93768594,6953.527921,0.864928386,No,0,0,0
62.74564481,0.583265074,56.94061038,212.5186422,5338.59415,2.360470285,No,0,1,0
83.44362976,0.532706621,54.74760882,341.0220243,6011.605802,3.262958094,No,0,0,0
64.99784653,0.663159743,94.14419807,60.33968557,6140.837279,0.632571299,No,0,1,0
59.55228903,0.537775917,30.7363958,281.3727764,5237.111244,0.610507093,No,0,0,0
86.88029792,0.523986711,27.29091249,48.97166196,6239.062498,1.518474455,Yes,0,0,0
78.16942612,0.515895867,27.43829367,47.09402037,5953.438604,4.538245507,No,0,0,0
84.20858824,0.519286396,92.34299727,654.8120945,4951.721259,3.373019255,No,0,0,0
78.18727653,0.384298272,55.94953424,365.417045,6810.863989,1.109670782,No,0,0,0
83.56830612,0.577067305,32.04852225,31.14864194,5568.39589,3.017437803,Yes,0,0,0
68.48974407,0.486956027,67.50640787,217.8294332,5358.748293,3.301199169,No,0,0,0
64.65757158,0.68219151,63.00986845,50.30957431,6210.070811,2.6152734,No,0,0,0
81.81594518,0.492434953,35.87253982,464.9867708,6278.743398,3.796912303,Yes,0,1,0
66.96590336,0.542091828,68.24305115,227.5085898,6368.205702,0.123694943,No,0,0,0
68.10450222,0.524660219,47.21849875,282.3635146,5806.998319,0.955586136,No,0,0,0
70.44467496,0.437444296,39.06966142,102.3059786,5994.542831,4.831858722,No,0,0,0
75.17479159,0.599213683,60.83204887,41.80253334,5634.596618,2.488700009,Yes,0,0,1
71.46006089,0.690506364,43.33194092,26.40655021,5344.901347,0.382573992,No,0,0,0
61.25048707,0.498522278,37.77119374,90.06059705,6539.565325,1.540898451,No,0,0,0
68.56381597,0.469952121,90.37779266,133.5919574,5948.618657,0.008861931,No,0,0,0
52.76596848,0.464497127,32.46100613,162.4772143,5908.842872,2.897071209,No,0,0,0
81.25231451,0.310763811,42.44719818,22.4149664,5000.366204,4.99739125,No,0,0,0
58.97942344,0.482218686,50.89107039,92.11552327,5910.814448,2.950497488,No,0,1,0
63.95616661,0.525099812,41.89106482,68.74749155,5578.752751,3.050364644,No,0,0,0
75.52165079,0.605475793,36.85685141,28.01724263,5912.693173,1.638633064,No,1,0,1
67.60437004,0.596004774,81.69168776,96.61348641,5890.377924,1.185162728,No,0,0,0
90.43014595,0.458350092,46.3212927,38.74136699,5776.767604,2.54078286,No,0,1,0
62.0714309,0.472317701,29.00103662,91.90022489,6469.419321,4.498930835,No,0,1,0
77.67050869,0.612390531,63.271613,26.79362901,6223.527076,0.048755521,No,0,0,0
74.60717182,0.48265361,30.03907978,276.2412753,6563.577257,2.848254211,No,0,0,0
63.31906502,0.448997046,48.6015686,49.51740717,5337.586315,2.142555356,No,0,0,0
80.23276661,0.639251845,90.54614098,113.0960236,5675.522036,3.10589653,No,0,0,0
73.28453669,0.603758567,49.53289561,15.6038837,5979.859591,4.199790131,No,0,1,0
82.71790551,0.501879179,70.60071794,119.3158489,5796.680515,2.245219563,No,0,0,0
83.23504154,0.440622255,61.17004288,38.10115721,5960.371137,1.088413908,No,0,0,0
96.63235949,0.298811968,31.01798766,376.2864984,5408.9483,1.883034935,No,0,0,0
88.36527949,0.558970361,71.92556782,60.13558677,5641.910971,0.752756858,Yes,0,0,0
71.30818162,0.410363028,88.48279975,112.1976838,5179.223023,0.424496071,Yes,0,0,0
72.60620822,0.303726799,27.45699792,29.17298796,5554.987224,1.879381747,No,0,0,0
85.99659596,0.658482053,80.29440713,237.2055777,6347.08836,3.128492748,No,0,1,0
81.55263731,0.564796779,75.21690252,195.7608751,5892.896558,1.31417668,No,0,0,0
81.40131526,0.386099181,89.332846,33.82552286,6752.876619,4.578420797,No,0,0,0
58.83043956,0.378559862,28.32735457,290.359691,5702.233063,3.444756497,Yes,0,0,0
74.75673876,0.587096178,44.45563035,4.918018661,6059.53554,3.431567266,No,0,0,0
67.61969091,0.412202938,75.54331898,167.5968212,5393.373835,3.458553426,No,0,1,0
77.79924599,0.629614987,21.76143831,73.46966561,7300.335935,0.008422491,No,0,0,0
74.0184961,0.561645931,78.72605422,216.5517477,5910.689701,4.065033767,Yes,0,0,0
84.10178908,0.553659652,88.63828632,75.16767543,6414.81492,4.58804314,No,0,0,0
78.17218215,0.540469546,56.26432419,8.139780694,6206.69251,0.096989919,No,0,0,0
82.86327962,0.519145087,54.74639227,30.82661712,5708.060593,2.991469952,No,0,0,1
70.33580903,0.58805112,42.27751697,621.6605937,5334.549359,3.382878851,No,0,0,0
65.55553744,0.454591964,20.4041496,48.80787778,6078.071562,0.981212905,No,1,0,0
70.89950307,0.508595197,34.90428133,20.96601681,5721.605128,4.191056315,Yes,0,0,0
74.82979586,0.575194659,98.38912947,196.6830562,5922.247849,3.129157071,Yes,0,0,0
78.79151736,0.556298972,89.38288617,5.534047063,6325.651029,1.125275367,No,1,0,0
97.59308951,0.380501319,41.3203711,8.245988634,6039.120578,4.835950584,No,0,0,0
74.57742848,0.449959033,97.09990857,42.37639325,6188.558149,1.079328123,Yes,0,0,0
65.44055,0.525280351,49.41700928,5.82734565,6075.023288,3.392939035,Yes,0,0,0
71.54018224,0.459198529,43.80682998,654.2513229,5266.375334,2.369448894,Yes,0,0,0
70.36404025,0.677465856,32.22461084,140.9797435,6698.031098,3.616424113,Yes,0,1,0
79.81481474,0.460684681,92.12888556,87.97295574,6587.926148,0.48879562,No,0,1,0
59.59202986,0.483778155,98.95939929,196.273124,5431.917573,4.762726278,No,0,0,0
75.63261994,0.576943018,46.19291232,130.3380792,6252.650306,1.022445154,Yes,0,0,0
76.56506538,0.533053274,76.27443387,22.83252175,5668.987865,1.101919696,No,0,0,0
77.32181036,0.485472554,46.82427278,29.75903782,5626.541831,2.770142677,No,0,0,0
69.02683931,0.424350647,28.39925914,242.716802,5997.579169,1.748666317,Yes,0,0,0
72.6207827,0.530151406,51.41538455,49.31063518,6873.834115,2.210648428,No,0,0,0
60.75939091,0.603909644,64.12559686,71.226707,6528.978781,0.185492483,No,0,0,0
70.06680117,0.547909522,29.84134073,59.53918564,6302.610679,1.174422226,No,0,0,0
69.57138524,0.422181648,85.46182198,6.411866938,5424.697182,3.867665584,Yes,0,0,0
79.16050046,0.673677496,59.78904935,146.3203127,7277.224709,4.51107577,No,0,0,0
63.43817568,0.355342211,38.7506362,93.20278172,6436.865523,1.167387215,No,0,0,0
82.81198102,0.341731436,67.42076628,135.293305,4825.58129,3.866744999,No,0,0,0
89.94484544,0.596055722,83.46074448,39.12608109,6199.737168,0.144733465,No,0,0,0
54.30014975,0.522584048,46.20994792,62.68988528,5755.652642,0.2236214,No,0,0,0
79.26258731,0.445050145,76.11810595,25.67972462,6204.991178,1.965046092,Yes,1,0,0
81.76908035,0.390142927,54.2287344,65.30161655,6200.320183,0.739555729,No,0,0,0
68.62562974,0.732079984,97.12409351,127.181721,5540.740462,0.830692843,No,0,0,1
71.02728186,0.511709087,81.67520693,347.3741107,6912.942876,3.136985124,No,0,0,0
73.67119422,0.553420117,48.5080722,130.6835935,6099.892311,4.290821344,No,0,0,0
72.02209121,0.53178851,21.41983672,89.37321662,6470.673953,3.894836209,No,0,0,0
71.90987031,0.543480796,72.60159163,64.61799595,6675.711782,1.682469042,No,0,0,0
58.23996194,0.554009446,35.82977269,13.38551061,5630.921201,4.376079835,No,0,1,0
86.52331565,0.573242401,29.75033405,77.7979061,5544.115758,4.206729602,No,0,0,0
85.79618592,0.46247776,94.54211611,20.22558968,6560.953674,2.621058484,No,1,0,0
66.86635741,0.470835801,99.99591762,104.7266104,6696.418716,2.379380313,No,0,0,0
60.33575672,0.325897719,41.59110565,157.2298609,5311.490715,0.292312093,No,0,0,0
80.21064876,0.421969559,44.14148417,351.3589925,7005.621593,0.752625348,No,0,0,0
69.2421203,0.52711128,33.19911514,42.26269404,5882.248343,0.427065998,No,0,0,0
76.41953163,0.604502338,56.61478207,60.68177309,6345.892264,2.63386251,No,0,0,0
71.80671583,0.559903953,89.26750079,24.24688324,6282.194105,3.383192481,No,0,1,0
81.91538751,0.465930766,76.12047617,252.3896075,5514.32884,3.093910052,No,0,0,0
81.94749144,0.373682709,87.70652465,208.5252187,5567.975931,4.364426218,No,0,0,0
67.74402622,0.222264085,38.27853245,178.9771976,4958.20383,3.29351202,No,0,0,0
61.16636045,0.615173397,78.43648539,7.079593644,5424.424932,4.148538455,Yes,0,0,0
59.17061603,0.441077101,93.48213027,97.62628747,5258.76202,0.702125923,Yes,0,1,0
81.10379379,0.455153499,42.51328914,32.14766082,6020.095258,0.858240373,No,0,0,0
63.11140742,0.513157397,75.25228349,15.29708454,6684.701076,4.592061389,No,0,1,0
69.93183646,0.359443995,52.05259294,182.5784423,5986.427535,1.77352341,No,0,1,0
69.03685962,0.465021782,43.21813161,28.52712964,6169.427081,1.084993834,Yes,0,1,0
74.47432704,0.702347195,97.5698775,83.37262754,6389.001772,4.560346176,No,0,0,0
55.63720194,0.550538694,47.8906584,89.61014935,6339.854721,4.850522622,No,0,0,0
76.88778597,0.535924916,28.6279745,28.78625072,5807.08425,3.188848229,No,0,0,0
80.23891024,0.341750552,51.08713677,81.33456846,5268.32747,1.941693006,No,0,0,0
75.88422087,0.724360189,55.81426328,6.51192262,5785.097245,3.441928777,No,0,0,0
71.89113828,0.357720509,80.17686604,0.008694272,6031.479678,0.077789385,No,0,0,0
75.97400166,0.692232476,95.99314136,254.7539886,5564.177394,0.723561434,No,0,0,0
78.99046346,0.288494398,85.3645587,64.45803201,6180.980355,1.843572221,No,0,0,0
47.27407244,0.640536544,94.4753049,285.5615966,5853.643952,4.161122507,Yes,0,0,0
94.55912308,0.661805427,58.0048104,82.29468452,6310.910764,1.521579532,No,1,0,0
78.90093323,0.417559088,77.54532546,67.68782249,5598.380262,0.289359459,Yes,0,0,0
68.47591418,0.542258037,44.7239668,42.10225565,5539.01617,1.893676367,No,0,0,0
71.09046625,0.554748057,25.56696868,10.22629174,6887.028169,1.206270762,No,0,0,0
79.93741777,0.418620552,49.23788203,44.47454904,6014.378119,0.28029969,Yes,0,0,0
73.83896061,0.355088239,75.83321827,112.5232578,6276.481925,1.994621288,Yes,0,0,0
54.69315532,0.368228266,41.96976882,172.6552867,5450.788874,1.75710696,No,0,0,0
95.64492861,0.554100822,88.91247165,93.39900064,5811.367772,3.669199905,No,0,0,0
73.89459343,0.49148844,83.261828,170.3850381,6341.084741,0.316024106,No,0,0,1
85.20172712,0.443569897,35.52340393,20.60163438,6782.80793,1.895272231,No,1,0,0
68.07950152,0.596676801,46.466941,105.0293518,5637.757463,1.712167614,Yes,0,0,0
90.36377054,0.550806791,86.0242094,257.0635031,5598.541294,3.234107625,No,1,1,0
77.86343689,0.424453727,39.51502316,29.50195852,5988.66553,4.439603855,No,0,0,0
81.08843834,0.379879848,46.52817165,31.00103815,5237.802425,0.714948951,No,0,1,0
64.54746634,0.552326174,47.44535459,165.6052785,5984.933347,4.081268757,Yes,0,0,0
87.1114529,0.446241663,84.08336223,200.5938491,5967.635808,3.048617014,No,0,1,0
81.89818165,0.509920486,22.96242125,34.20966787,6362.374575,0.14621347,No,0,1,0
88.0184623,0.657629897,25.90295865,48.33879684,6707.304871,3.834443396,No,0,1,0
68.7191244,0.550232824,66.27612385,119.8855089,6284.922159,2.688440165,No,0,0,0
70.18972882,0.4137733,51.76895928,60.9858267,6370.775525,3.999644123,No,0,1,1
98.03916698,0.516066119,70.63082557,117.3834374,6026.139476,2.044340164,No,0,0,0
64.39984177,0.404735505,41.31690209,82.32391361,5820.127712,3.327513969,No,0,0,0
73.64050299,0.660852216,92.7666142,178.2814306,5002.011565,0.994021027,No,0,0,0
86.36891363,0.443842125,80.87535097,224.4095839,5556.88959,0.959222874,Yes,0,0,0
75.97724968,0.520727075,25.41969764,239.2596816,6108.633342,1.701312041,No,0,1,0
80.8295368,0.530773257,82.71243818,113.4631994,5177.203138,2.597202532,No,1,0,0
71.00550971,0.515925047,97.56658978,113.7907797,6121.444911,3.582633953,No,0,0,0
78.70055888,0.304145104,95.39484965,71.66342455,5799.582645,3.334024114,No,0,0,0
61.93473148,0.355357894,78.83870384,3.36029763,5489.220074,4.106722816,No,0,1,0
91.5813068,0.454764972,29.88750028,42.66054169,5764.987842,2.131984579,No,0,0,0
73.81835955,0.531943183,66.08614127,7.898028519,6364.390761,4.562646272,No,0,1,0
68.19821796,0.486222079,42.73861831,69.10456591,6442.750555,0.545838621,Yes,1,0,0
81.66383082,0.404285253,97.61703549,227.2433023,5031.489296,0.936016544,No,0,0,0
70.39280213,0.365157568,77.39885803,108.999308,5925.257994,3.418587876,Yes,0,0,0
61.65741529,0.459844246,68.86124718,135.0684246,6456.942329,1.2688634,Yes,1,0,0
61.53282494,0.453152396,75.60704341,24.99177076,5871.05257,0.822952731,No,0,0,0
81.93773153,0.551283646,55.03833033,36.44975683,6054.407635,4.432468725,Yes,0,0,0
73.40426562,0.467368154,49.81894012,21.37069318,5252.294562,0.342004232,No,0,0,0
73.6629844,0.560270766,94.86396636,221.9434836,5759.983172,4.957355537,No,0,0,0
85.77743806,0.440535023,46.55417078,39.47266821,6914.387715,4.312946557,No,0,0,0
63.73174191,0.474404233,23.31489054,99.15379747,5605.965983,4.341288737,No,0,0,0
67.69322247,0.465195362,52.06721233,18.25633108,5279.683828,3.143565313,No,0,0,0
71.15120191,0.421763303,83.22722821,15.88518317,6074.735879,1.124278399,No,0,0,0
75.94351589,0.562511866,71.87746864,51.24862892,6394.314667,3.990457774,No,0,0,0
74.57828549,0.4186404,96.97366204,48.12057686,6596.905245,0.269002826,No,0,0,0
72.13112808,0.447835849,28.49614941,47.8520926,5741.138679,2.910576725,No,0,0,1
74.38373598,0.492688035,92.92370418,110.2350507,6111.237788,2.195798176,Yes,0,0,0
73.92694724,0.370262034,49.50793551,45.57395637,6272.177439,3.75203416,No,0,0,0
67.80395611,0.467506504,57.92020683,175.7033757,6324.605264,0.118840661,No,0,0,0
66.87007011,0.428869364,54.27857236,11.40576711,5726.398628,1.933927519,Yes,0,0,0
77.74516358,0.461184581,29.31618249,47.12704688,6856.362465,2.385472008,No,0,0,0
66.09084917,0.4940072,39.82371646,132.7464652,5656.351489,0.761796127,No,0,0,0
63.42644741,0.420008638,79.38172554,110.8377608,6353.936079,2.073600934,No,1,0,0
71.87707749,0.477992422,21.84060335,15.27397071,5989.044382,4.55238843,No,0,0,0
73.42332984,0.630866875,30.71102195,69.46544953,5706.390718,2.343171121,No,0,0,0
97.56723497,0.497420144,22.0168135,44.39232033,5678.574351,1.258880888,No,0,0,0
67.95299724,0.614526217,88.59104459,119.918438,5706.826545,2.661675305,No,0,1,0
84.43260725,0.534649444,69.38598622,16.69355694,5776.564467,0.304212173,No,0,0,0
82.47188334,0.577416061,33.59429297,133.2454818,5490.5572,1.471342714,No,0,0,0
63.11055045,0.422554103,81.50177784,74.79704701,6348.704852,3.918183708,No,0,0,0
82.73252977,0.510490717,97.3440478,38.57182738,5648.242342,3.209571251,No,0,0,0
63.1611936,0.513391292,94.76482996,165.1346697,5692.489576,0.119924258,Yes,0,0,0
48.40827762,0.438737426,93.72380382,24.97727152,6244.345296,2.849379994,No,0,0,0
81.06319524,0.417717168,20.62481723,19.81863246,5946.019028,1.086700402,No,0,0,0
57.44109417,0.350973461,67.12107912,1.857007204,5289.048182,4.878749079,No,0,1,0
79.50934462,0.649613964,40.53060933,237.0533425,5531.995251,3.918434978,No,0,0,0
68.15989102,0.402759711,65.17177714,81.35923905,5901.721378,0.639540496,No,0,0,0
91.59550796,0.634622107,45.44242313,87.25799976,5712.506081,1.927728388,No,0,0,0
85.68509399,0.453250683,32.29332342,14.62793283,6375.241269,2.449848158,No,0,0,0
70.46614196,0.41375067,55.55949787,13.68458512,5617.798986,0.911858569,No,1,0,0
68.12162389,0.562251914,59.60770617,48.73685321,5516.436464,3.521419267,Yes,0,1,0
62.85922597,0.436880806,99.18124055,87.13764277,5494.726896,4.206893801,No,0,0,0
70.59077368,0.556845892,23.39103073,144.8261323,6203.328623,0.022322977,No,1,0,0
72.19644505,0.466718824,44.09241591,83.00267488,6241.735863,0.666116941,Yes,0,0,0
71.35306456,0.54804245,88.15150761,213.7399633,5163.777706,1.417314196,No,0,0,0
76.56703855,0.403181394,72.77563985,56.86064455,6311.037598,4.920551138,No,0,0,0
80.78521498,0.583135106,86.13464255,3.418800639,6430.486635,2.022639393,No,0,0,0
78.49654457,0.548797268,72.82327348,66.64694464,5154.501119,0.851259815,No,0,0,1
67.35856076,0.408034931,80.76290473,10.66009047,5654.784285,0.60463559,No,0,1,0
60.62208526,0.764293572,59.43374,46.64259247,6714.446212,4.506780818,No,0,0,0
88.64531848,0.554012303,36.39021543,505.208499,6503.050853,4.051220422,No,0,0,0
68.10550815,0.729046707,84.80030887,233.6869254,6012.39633,3.096503037,No,0,0,0
68.477064,0.660026782,65.42565237,32.37409812,6250.624698,2.698478285,No,0,0,0
69.78810688,0.481116522,31.1604155,56.58536474,7056.009812,3.885768808,No,1,0,1
56.5693045,0.458772825,84.39152215,67.69981194,6251.398487,1.590752692,No,0,1,0
70.22025996,0.459654082,96.68687283,173.2039089,5389.595569,3.199273286,No,0,0,0
70.20344186,0.316997145,47.69310981,4.083554777,6682.4695,3.684227207,Yes,0,0,0
81.20358298,0.430416488,43.48098017,4.726608965,5564.530555,2.878243631,No,0,0,0
81.98457149,0.524676602,26.54201426,14.94762871,6496.951118,0.843659767,No,0,0,0
75.03770889,0.652595756,73.15929812,118.7682499,6328.13533,4.929523982,No,0,0,0
84.31848374,0.422722812,96.71692948,64.24424624,6444.756777,4.055977809,Yes,0,0,1
78.39964984,0.58820566,30.8794152,226.7979646,6770.466488,2.453134716,No,0,0,0
74.84317888,0.374740666,58.81277051,40.09871611,5267.042836,3.099850878,No,0,0,0
76.60928168,0.441367997,27.85905477,80.62548234,5965.205723,3.800379953,No,0,0,0
73.09346506,0.454235941,22.7287923,147.2221934,6973.024751,2.292925918,No,0,0,0
71.05150486,0.537181108,73.16008405,94.54801793,6488.190872,3.695581024,No,0,0,0
72.32266463,0.545730965,89.41497403,45.71611247,6088.579169,3.864639489,No,1,0,0
63.71988669,0.596234174,47.00564289,19.86178865,5488.413435,2.295036948,Yes,0,1,0
77.80441705,0.577083696,90.06121395,93.34097163,6053.360246,0.938840639,No,0,0,0
65.06876389,0.524316822,29.36424793,18.40003196,5544.059351,2.988835394,No,0,0,0
83.41631264,0.539036494,39.03685455,336.2262066,5265.816522,2.771444196,No,0,0,0
72.5054142,0.658853069,92.12853815,93.15492177,6288.239352,2.502468429,No,0,0,0
75.49494982,0.448907382,60.6807915,23.07230846,6032.652803,0.292910116,No,0,1,0
79.93836776,0.577472832,68.6553907,153.0315748,5613.243599,3.887815972,No,0,0,0
81.43314465,0.319185607,23.0414586,13.11715562,6197.474094,2.693541268,No,0,0,0
59.29376591,0.541133424,30.27119281,177.2223508,5748.055056,2.153257261,Yes,0,0,0
72.93096324,0.451675046,24.463265,73.34142405,6889.779542,4.074461103,No,0,0,0
83.80178912,0.500257118,92.4000592,17.07917722,5984.713778,0.984423455,No,0,0,0
58.01894181,0.604008625,30.78359711,4.550524303,6788.544106,1.358406791,No,0,1,0
78.87280475,0.516464381,87.97382613,602.0828264,5593.59895,3.198635219,No,0,0,0
52.44435771,0.588518754,48.08277595,38.48552154,6306.674583,1.950290187,No,0,1,0
64.77493156,0.647376482,84.04779971,365.0096826,6921.849988,1.515346446,Yes,0,0,0
75.38630552,0.538909397,49.2034838,83.61919378,6135.545491,1.273079676,No,0,0,0
58.43284898,0.617104106,41.41472318,83.90354483,6568.223814,2.428653933,No,0,0,0
65.14489262,0.467343902,27.4928561,11.45842628,5130.834066,3.877684362,Yes,0,0,0
60.28164993,0.499179012,42.45652725,361.1939081,6353.567372,4.02662979,No,1,0,0
91.48134932,0.447738058,57.71837734,158.4140011,6015.193066,3.952848503,No,0,0,0
76.64227755,0.604297759,85.40070391,87.75868126,6382.500989,4.428226253,No,0,1,0
80.67290278,0.541409135,56.20119638,15.37507412,6433.832609,0.253709153,No,0,0,0
72.77324899,0.449276554,97.714846,23.1830776,4871.874941,4.9110843,Yes,0,0,0
71.46568251,0.515466883,63.33064087,67.91126666,5778.19863,2.132307459,No,0,0,0
58.83525811,0.604156839,21.99565038,53.97873037,5664.98836,0.96491054,No,0,1,0
72.08162637,0.496073201,53.22938402,98.01092141,6076.082095,4.850113917,No,1,0,0
67.38507788,0.405106719,75.11192859,9.529865244,5029.733301,4.125911614,No,0,1,0
83.57923924,0.513191176,38.7433317,4.941899554,5454.745666,4.648617762,No,0,0,0
86.41101867,0.301943441,75.89039607,85.87243475,6500.960352,2.615768629,No,0,0,0
89.66578716,0.576877064,60.29578441,3.469851793,6088.446223,3.738709248,No,0,0,0
83.52551939,0.457867241,22.05902205,7.367864713,5455.992729,2.597320189,No,0,0,0
69.01346063,0.453068926,81.94823596,56.65827228,5873.391316,2.697250569,No,0,1,0
63.84103014,0.587569568,64.82989631,7.652378925,6549.136529,4.757504822,No,0,0,0
82.66663182,0.363483712,26.59948025,58.42763081,5080.216607,3.691784918,No,1,0,0
78.56292817,0.694709864,58.01712268,33.20913754,5894.285693,2.833889034,Yes,0,0,0
57.31461549,0.451975796,42.98343054,24.95665122,5885.168378,1.963676322,No,0,1,0
78.55481793,0.447674906,90.37452341,62.23871038,6093.489707,0.821638193,No,0,1,0
83.14519822,0.602122474,42.79416422,15.32690152,6251.889733,0.578651873,Yes,1,1,0
75.58925589,0.570869527,95.33496568,51.62739002,6955.171251,1.498330728,Yes,0,0,0
73.14946329,0.745122972,63.69061995,68.48470896,6276.890597,3.464021726,Yes,0,1,0
66.92351512,0.478879402,45.88909676,212.6369013,5706.259266,0.957763094,No,0,0,0
60.534653,0.487959336,85.08360139,324.0208844,6628.974971,0.657310683,No,0,0,0
83.00297949,0.352068402,75.79203027,44.23902122,5570.665801,0.388786885,No,0,0,1
71.90885555,0.466789772,53.11699966,41.5462136,6218.093548,4.2312469,No,0,1,0
72.66533338,0.42785687,70.36946422,100.3086767,6785.731526,1.205949109,No,0,1,0
92.32721187,0.455123299,82.28674112,17.73851031,6538.657441,1.00425232,No,0,0,0
81.84501107,0.325581224,88.12462354,51.64082656,6405.544838,1.954269339,No,0,0,0
78.70825001,0.666060756,85.3130171,6.562164118,4884.231181,3.147431002,Yes,0,0,0
76.42061805,0.358339652,33.28616709,57.18407225,5949.498741,2.931298786,No,0,0,0
90.19994861,0.21977972,86.2711642,14.54509945,5706.312467,4.618289034,No,0,0,0
92.19589307,0.381157558,24.69032471,99.01311814,6662.434136,3.409860652,No,1,0,0
84.29505111,0.439616045,36.01365452,123.1305739,6420.324239,2.80985775,No,0,0,0
80.82224591,0.385044594,69.83413761,521.9846533,6130.553091,3.557990836,No,0,0,0
54.05396929,0.609830354,29.17540204,26.05023212,6397.220824,3.31861744,No,0,0,0
76.23721914,0.486216082,68.2678076,27.86244076,5675.191757,3.837391596,No,0,0,0
73.69893046,0.50253856,44.63725531,353.4492365,6317.142255,2.862131564,No,0,1,0
75.93953229,0.561039176,54.35732681,239.9788293,6047.501331,4.036453975,No,0,0,0
84.43046087,0.528601253,45.21212028,114.8704188,5158.396596,4.500286525,No,0,0,0
47.60322833,0.59785673,25.61388543,220.969872,6172.023069,3.482384147,No,0,0,0
69.30687947,0.389052245,60.06070023,28.2399263,6353.579015,1.78809929,No,0,0,0
77.69904355,0.44524819,97.08795555,248.6042581,6596.707293,1.399891178,No,0,0,0
70.33154454,0.566596715,68.94266785,242.3665117,6263.694264,3.185928326,No,0,0,0
60.83093887,0.246544554,44.00254973,34.22018793,6503.351962,3.157145691,No,0,0,0
83.68963487,0.362481552,96.49198673,85.20427432,5133.836334,0.119552819,No,0,0,0
77.76871906,0.550099223,51.13898016,318.7248509,5813.293919,3.735546948,No,0,1,0
65.2889543,0.451975097,75.80141871,136.4137851,5928.744801,1.109372434,Yes,0,1,0
78.14817205,0.593610755,70.72902439,129.640513,5835.128818,0.272450811,No,0,1,0
83.21585712,0.58091803,96.23286784,98.45348357,5955.47894,0.765996038,No,0,0,0
75.05292646,0.380190712,93.16821556,37.57337137,5711.301876,3.283904442,No,0,0,0
83.00564803,0.540665709,31.84032451,460.2928634,6368.08274,2.61527344,No,0,1,0
75.78260175,0.620169786,26.85486998,71.19831647,5504.397226,4.234688708,Yes,0,0,0
71.04771017,0.51474344,84.77138622,44.78009784,6062.587306,0.53126375,No,0,0,0
63.40579484,0.402253512,92.39545706,156.4908548,6036.576357,4.147583203,No,0,0,0
74.14069233,0.587938994,59.43788831,112.2888834,6071.968617,3.2545895,No,0,0,0
76.94292938,0.563542453,75.26090191,50.27005737,5526.137841,1.07464772,No,0,0,0
83.75832762,0.554261078,25.58306241,43.45274701,6699.614962,3.684528078,No,0,0,0
73.84892532,0.571593889,37.58435183,28.97319984,5886.938137,3.70666644,No,0,0,0
79.57415606,0.200538714,31.95009557,9.808533997,5280.572918,0.540007922,No,0,0,0
65.35387986,0.588093756,68.09284668,117.9272164,6400.650509,1.332234055,No,1,0,0
67.17370844,0.680813181,35.8031915,84.5519746,5998.334277,3.19432452,No,0,0,0
73.89610701,0.543663847,24.78770524,32.12175707,5951.529221,1.902873315,No,0,0,0
64.45371536,0.5192729,44.17658262,6.804255993,5952.064275,3.82622473,No,0,0,0
83.20247837,0.569643867,74.17699433,2.289837199,6197.718482,2.680212204,No,0,0,0
79.63130329,0.533822547,66.22909794,160.9566516,5973.378479,4.284985374,No,0,0,0
77.79095764,0.565178126,46.45799724,25.02801561,5613.250209,0.555130077,No,0,1,0
78.38904125,0.5001471,86.67831007,37.21482008,5290.407246,3.668733862,No,0,0,0
95.21043561,0.423329515,42.10152864,1.705526118,6151.725966,2.32319985,No,0,0,0
70.31135812,0.399567729,40.84381107,19.59252498,5240.896647,2.596954779,No,0,0,0
52.98558714,0.400180827,64.79579286,249.0020501,6559.853863,1.420227811,No,0,0,0
76.99300197,0.362695745,58.25725119,33.25825842,5523.069519,1.345315768,No,0,0,0
74.49396459,0.393225799,55.67781285,369.384668,5575.192989,0.949019077,No,0,1,0
69.82480957,0.676126613,32.46284952,21.54499565,5509.050153,1.866728413,No,0,0,0
65.21170141,0.575409566,60.37169533,35.04482001,5318.461166,1.194939225,No,0,0,0
70.60810478,0.437497261,40.72151338,242.731027,5613.70072,0.948640381,No,0,0,0
76.81338429,0.460960731,51.37439061,66.74235218,5858.187274,4.808979563,No,0,1,0
69.97183299,0.511255753,78.68563581,37.40893232,4836.197979,2.237071412,No,0,0,0
99.1245368,0.434445497,94.94902604,141.6361295,4777.386255,3.390611663,No,0,0,0
65.39495618,0.506751686,81.90903722,6.310462552,5642.067536,1.870740793,Yes,0,0,0
67.06882637,0.577760414,52.45071157,265.535005,6441.698421,2.848968719,Yes,0,0,1
52.1137996,0.496425727,67.44265115,221.0866872,5349.780072,2.496010545,No,0,0,0
77.51484415,0.533601574,79.71982527,10.7643204,5961.830458,3.063440742,No,0,1,0
54.83593372,0.588649154,53.13768401,192.3066461,6715.278408,3.613643772,Yes,0,0,0
69.60545367,0.472786824,48.8198527,389.8288218,5338.295708,3.319546029,No,0,0,0
72.24329465,0.52847906,30.81946368,81.28930637,5780.821917,3.810516943,No,0,1,0
67.90272034,0.469062241,78.90086412,100.7621677,5628.423759,0.73152204,No,0,0,0
92.38872677,0.497147113,87.08068726,136.6559158,6445.983791,0.470155703,No,0,1,0
84.94394391,0.467526973,45.32675288,37.22845524,6231.936383,1.694497165,No,0,0,0
88.19136876,0.447113015,82.68062125,125.8625713,6308.830423,2.409139304,Yes,0,0,0
66.17581181,0.517371185,68.81704467,77.2925601,7248.208531,1.122012932,No,0,0,0
86.28594065,0.556654532,82.72664371,62.41258611,6814.737611,3.86612265,No,0,0,0
79.96000946,0.514630445,52.90699065,279.7200735,5950.477649,3.597779721,No,0,0,0
82.71405949,0.549872696,79.80610909,191.8809651,5899.004022,4.567894591,Yes,0,0,0
85.29438829,0.426206822,52.68072943,327.28196,5275.587056,3.644800988,No,0,0,0
65.91236754,0.379626481,27.10063883,217.4245575,5142.917656,0.535726589,No,0,0,0
70.75682379,0.54170435,64.04631345,5.125178185,5975.179215,3.324974119,No,0,0,0
83.62596011,0.568788139,56.34629811,111.9298686,5350.302268,2.060296689,No,0,0,0
48.44380907,0.504985727,40.23039098,143.5351926,6312.677715,1.298073886,Yes,0,1,0
90.13328083,0.634803578,91.3690668,131.183927,5604.140356,3.009757112,No,1,1,0
80.53132064,0.59076988,50.62826444,38.08732683,5708.528303,1.510950837,Yes,0,0,0
74.54296039,0.768057084,23.13008891,66.53785235,5223.659729,2.654281628,No,0,0,0
77.20507656,0.479919149,50.57085922,4.777342927,7055.076762,2.879886927,No,1,0,0
64.70064717,0.40011512,53.96078463,11.85838464,6379.414775,2.645334577,No,0,0,0
71.50056635,0.425986321,88.93101786,98.65735678,5645.034879,0.053432601,No,0,1,0
86.00284338,0.443450219,83.93465665,104.7911297,6075.573516,1.743694571,No,0,0,0
87.98021972,0.547603138,35.99732687,26.96176157,6661.545654,3.952311321,No,0,0,0
101.9622405,0.284193144,87.12233808,71.3489464,5536.087463,1.734478221,Yes,1,0,0
74.26075334,0.631855102,39.83417826,76.65663975,6953.299341,2.546897499,No,0,0,1
68.41447033,0.476070341,47.35473185,1.368183437,5483.912553,1.733160398,No,0,0,0
69.85766034,0.475320644,26.14547632,18.45100048,5911.319258,0.996189537,No,0,0,0
64.81958125,0.392065683,24.42850505,117.4757375,5174.810802,0.998767353,No,0,0,0
74.22145244,0.488577445,74.46880966,592.3765092,4730.744437,3.744297923,No,1,0,0
78.8273243,0.501323977,93.86728676,126.1130437,6505.04539,3.139763298,No,0,0,0
74.65757719,0.487805507,59.44134834,15.36955374,6042.851046,4.660285205,No,0,0,0
85.96346846,0.533905926,87.52749696,206.7398716,5133.06951,2.1050233,No,0,0,0
72.65784199,0.441036796,83.50009998,67.77843841,5179.699397,3.182836297,No,0,0,0
71.52549348,0.410418424,73.17429787,10.48940224,6572.6807,2.342697879,Yes,0,0,0
69.18731523,0.554832813,98.25831449,109.9022744,5924.702446,2.369689364,No,0,0,0
58.67365474,0.509866745,84.17503367,31.05965321,6715.721624,4.270436878,No,0,1,0
59.32232276,0.519718106,41.98755154,64.70325617,6318.293384,2.271513719,No,0,0,0
63.20842069,0.605902725,83.1211397,45.97885988,5966.718576,4.640834003,No,0,0,0
88.01428072,0.397743561,75.4129317,123.5532564,6016.16499,3.102536286,No,0,0,0
83.95260273,0.414475954,51.96163573,67.67229397,5722.463176,0.427121465,No,0,0,0
88.74964066,0.625721965,26.14379762,13.17538571,6048.893055,0.33991458,No,0,0,0
61.67788345,0.351711664,37.14876237,29.15190306,5969.507509,4.911571062,No,0,0,0
55.3137531,0.369058785,83.77903133,83.28457495,6418.758336,1.99679693,No,0,0,0
68.3994368,0.581786183,39.87882305,186.8124769,5918.290779,2.937294159,No,0,0,0
76.75818953,0.523820019,99.82863864,1.174924972,6411.777746,2.157930348,Yes,0,0,0
79.98690275,0.510523214,75.5190512,113.7422152,6460.316145,0.794482192,No,0,0,0
85.47972156,0.490834059,58.17779846,14.77973618,6090.381303,0.627758515,No,0,0,1
77.84279671,0.503126755,65.63493522,111.175906,5343.515833,1.063480763,No,1,0,0
92.42668781,0.490788789,68.86981788,217.5390748,5919.761647,3.026689056,No,0,0,0
72.77394319,0.63554427,97.5155856,31.12758348,5046.962677,2.732667937,Yes,0,1,0
65.86920782,0.460185187,32.93929557,82.10600177,5396.689189,1.642942161,Yes,0,0,0
58.18781785,0.483862646,41.79166421,178.4945391,6365.209167,0.220871199,Yes,0,0,0
66.11028642,0.679444881,76.76728384,23.16865351,6247.446395,1.620140251,No,0,0,0
77.42117961,0.50275097,39.18863865,19.86439045,5998.395561,1.991516618,No,0,1,0
66.11279743,0.723201639,89.70377298,282.5233598,5848.783422,3.782118915,No,0,0,0
84.36742464,0.48950203,47.72273405,142.3542783,5630.299527,3.687419947,No,0,0,0
89.12327706,0.636741498,34.46715199,160.0776441,5743.593959,1.107040483,Yes,0,0,0
51.30413095,0.334465596,23.80966087,222.9237824,6482.625759,1.13836976,No,0,0,0
83.640523,0.515364446,67.64760323,93.03375187,6238.339629,3.139414137,No,0,0,0
52.60395941,0.341552644,86.02257516,80.426755,5314.391753,3.258881737,Yes,0,0,0
79.01499055,0.584445431,41.90344889,97.50126063,6099.426421,2.80551388,No,0,0,0
87.24870564,0.378713218,93.4031589,151.4846253,6069.981415,0.559856902,No,0,0,0
75.64856106,0.528376955,80.61874161,59.50008832,6824.336737,1.428600742,No,0,0,0
62.20310827,0.471780412,24.9040546,12.00075126,5121.224125,0.158516057,No,0,0,0
69.14568796,0.384179681,65.81063973,17.48592603,5608.43523,3.807970737,No,0,0,0
72.38354554,0.338064002,65.39527523,437.5119967,6486.812918,4.032517137,Yes,0,0,0
73.17755216,0.448895954,36.18978439,6.372359584,5444.533888,4.602402997,No,0,0,0
72.97103159,0.674062945,46.76355029,149.2168712,7192.810816,0.439577834,No,0,0,0
73.90117221,0.470651495,56.66231149,345.2079247,5410.527889,4.531064781,Yes,1,0,1
77.13480049,0.591722154,23.8462257,16.6093601,6014.561073,4.592126115,No,0,0,0
62.91426346,0.494295713,31.98211274,153.7302741,6279.773779,4.988529962,Yes,0,1,0
72.5798017,0.587672677,33.12035113,43.22286505,6440.518571,3.88944284,No,0,1,0
90.1826117,0.317308862,50.33886036,32.45416814,6357.604242,1.313189178,No,0,0,0
71.15354577,0.459681169,79.78859669,229.7710429,5768.961232,1.322794349,No,0,0,0
70.56163907,0.594940552,86.50429273,288.0948079,6456.603503,3.441084389,Yes,0,0,0
85.78197304,0.483674505,33.02792368,51.15066029,5622.673756,3.398663308,No,0,1,0
49.40815334,0.491354472,80.15248288,120.1720202,5732.511429,3.301646003,No,0,1,0
86.81378601,0.456953809,73.65679667,23.22108785,6228.321231,1.765604341,No,0,0,0
68.68096242,0.614937938,91.25499135,187.1403436,6754.788479,2.598986391,No,0,0,0
76.63928572,0.529751435,97.50330032,255.6779622,5885.914381,1.507487396,No,1,0,0
75.96321356,0.504402228,29.9568487,46.04543533,5554.829234,2.983953577,No,0,0,0
84.42468119,0.564305455,26.45390891,127.0002429,6604.885954,3.862010886,No,0,0,0
72.32405254,0.558822493,83.97841032,250.9017517,5367.599984,3.493481399,Yes,1,0,0
68.21974218,0.521258705,32.97366985,1.859319089,6919.090745,2.162526641,No,0,0,0
87.97845791,0.65470315,35.56596194,232.3326251,5507.958656,2.623642005,No,0,0,0
51.35826183,0.493971247,90.5628738,101.8679134,6320.474223,3.862092483,No,0,0,0
75.20334182,0.527808105,95.11719177,64.13540924,6463.345613,1.164264546,No,0,0,0
61.52074577,0.435704745,45.47769951,88.73205116,6392.517027,1.106492995,No,0,0,0
67.38426612,0.515011523,87.37344804,208.5148397,6113.501319,2.424934066,No,0,0,0
95.11256681,0.658776152,88.70855277,153.6720335,6024.764776,2.470682391,No,0,0,0
74.55404574,0.43567424,68.43123844,83.48161044,5173.409749,0.11736374,No,1,0,0
76.95069697,0.386640717,65.28707585,80.25022002,5609.590181,2.909731695,No,0,0,0
57.18437144,0.599675964,66.06707274,275.4227561,6362.322344,2.088707162,No,0,0,1
67.70955341,0.485123385,44.10313501,31.72934673,6331.684583,2.881898525,No,0,0,0
76.96557401,0.50960042,69.50936312,12.07151886,5481.059347,4.57411837,No,0,0,0
78.54757693,0.49548867,39.48642169,136.2224922,6173.48951,1.665590415,No,0,0,0
81.16886554,0.507912172,34.21058321,145.3646986,6126.015494,0.539179221,No,0,0,0
75.08627899,0.585053068,53.03603635,100.8268405,6875.459421,1.032593444,No,0,0,0
80.27004208,0.416087581,76.46243384,36.54464936,5790.79942,1.53268529,Yes,1,0,0
79.53781913,0.398822592,69.71421499,42.10922994,5740.071366,4.31735048,No,0,0,0
56.70259589,0.508496814,97.19056635,115.1799798,5538.278516,2.745371461,Yes,0,0,0
75.37005722,0.339356031,71.71647291,38.25258028,5500.360765,4.975410333,No,0,0,1
82.67902408,0.362694646,31.30512398,83.08678706,6187.474181,1.42516008,No,0,0,0
80.89879821,0.686668315,32.89745706,48.42940966,5647.82943,0.343634081,No,0,0,0
71.3614119,0.575746833,27.44537121,85.70934299,6537.351929,1.505940681,Yes,0,0,0
66.94373492,0.498994353,35.2939012,31.2646801,5686.350469,4.962974662,No,0,0,0
63.81688076,0.623800694,67.83607205,26.48665,6766.997838,3.715495824,No,1,0,0
73.68945988,0.395940077,87.062918,158.9103275,6208.862729,4.575306748,No,1,0,0
86.3307988,0.468439688,91.50941217,58.47800388,6129.191813,2.974223669,Yes,0,1,0
55.48195899,0.562345361,52.00351093,31.7643655,5424.785719,1.376817252,No,0,0,1
68.4010827,0.589067168,64.68664229,234.5871824,6164.557093,4.772156895,No,0,0,0
63.60197545,0.551291685,84.73596737,61.63965301,6022.760988,1.145782262,No,0,0,0
82.84957521,0.245876119,44.9656417,14.77816263,6316.041302,1.98557017,Yes,0,0,0
69.45690373,0.403191788,67.65352036,147.73989,5744.576351,1.466939035,No,0,0,0
70.29362342,0.547706809,33.92660088,39.41581967,5273.185062,3.217295246,No,0,0,0
72.8305043,0.464404851,58.12322724,99.95595467,6137.610799,2.09004863,No,1,0,0
79.45393251,0.754023162,33.84578083,117.2820104,6069.893623,4.785541042,No,0,0,0
71.07611002,0.59265583,56.99411122,394.2479453,6121.94618,4.837100394,No,0,0,1
44.53856945,0.555808188,51.74557534,25.44977559,6502.825081,0.48457009,No,0,1,0
80.43311891,0.388305045,54.66118588,40.11785332,5530.179684,4.641665463,No,1,0,0
79.39042958,0.496470326,39.49697809,322.9782762,4809.124931,3.989980076,No,0,0,0
72.80458972,0.524120396,30.88346739,152.0264907,6237.513501,3.561687181,No,0,0,0
64.15963379,0.612778363,42.05322623,71.5945645,6202.95626,1.813929907,No,0,0,0
78.51780111,0.58811311,39.16640314,159.2604856,5761.471847,3.397786199,Yes,0,0,1
78.79235534,0.603298919,78.74369621,64.00641141,6085.299101,4.05333217,No,1,0,0
70.29967117,0.407608798,77.35800584,63.32640843,5476.109595,4.15212373,No,0,1,0
72.83268529,0.64121517,66.7586395,20.41160292,4946.901394,4.028878093,Yes,0,0,0
65.69843497,0.361956925,27.30670385,88.58945831,5153.544276,1.60011795,No,0,0,0
73.21410908,0.446408544,65.30094834,36.56545801,6021.18057,0.92506496,No,0,0,1
59.49570655,0.543077113,26.33896208,120.4814078,6691.355207,2.718876753,No,0,0,0
79.17318821,0.485010841,21.45384154,61.02063471,5805.240806,1.271130105,Yes,0,0,0
65.55631509,0.399396314,48.20768921,230.6687695,6406.968955,3.924925912,Yes,0,0,0
77.38103148,0.417845017,39.24359353,177.0741477,5702.834014,0.223349933,No,0,0,0
60.94037084,0.345174568,67.57181451,19.21084685,5972.280489,2.127042738,No,0,0,0
69.09942354,0.553197464,94.29139905,107.3117997,6398.280362,3.892940145,No,0,0,0
73.89510595,0.626056885,77.58816222,150.1028349,6066.589943,0.40279552,No,0,0,1
58.39300188,0.48996065,81.38886896,86.69451509,5729.160826,3.434895726,Yes,0,1,0
76.15147873,0.459965118,96.07144883,14.51745948,5567.348818,1.155316282,Yes,0,0,0
71.20852437,0.352767707,70.72728647,83.95957821,5953.735938,0.636969464,No,0,0,0
57.57643802,0.591320192,66.21847531,68.06614108,6591.051046,1.539434273,No,0,0,0
61.96757246,0.721130433,68.14943808,47.29930754,5214.672703,0.09668124,No,0,0,0
81.05120084,0.32025442,89.26442053,104.8267128,6429.665381,3.150112486,Yes,0,0,0
83.95555986,0.393656706,51.04792282,47.14241636,6141.823496,1.664544414,No,0,0,0
73.6809136,0.432040696,83.62689803,32.23288866,5515.443867,4.968555997,No,0,0,0
79.04761812,0.443568209,72.1805548,159.7718747,5990.813135,0.489196735,Yes,1,0,0
77.23843563,0.522734595,44.36572406,28.79982952,5897.982277,4.474421379,Yes,0,0,0
78.29622982,0.661424955,21.09507288,196.3482056,5526.129818,2.489788743,No,0,0,0
87.85984007,0.600859729,36.79359921,464.5115216,5730.282445,0.588503595,No,0,0,0
59.93001602,0.552759738,75.99910117,69.84395268,5371.85635,4.280586706,Yes,0,1,0
81.76460732,0.42760713,66.37522478,200.8083188,4964.238206,0.555227818,Yes,0,0,0
71.17991044,0.388037177,41.96757599,22.12379005,6075.618219,3.229296404,No,0,0,0
72.75741066,0.420322469,54.74419771,191.5254604,6522.244725,1.226087813,No,0,0,0
71.9775027,0.65480668,72.89190125,393.9046748,6816.674531,2.245587721,No,0,0,0
71.24852883,0.49382567,30.16689124,87.3344474,5444.310726,2.865099615,No,0,0,0
62.73803808,0.455316375,54.58236647,35.44052494,7073.682583,4.598377298,No,0,0,0
76.83339199,0.481624427,53.3299372,21.04050288,6763.153367,1.422568802,No,0,0,0
91.70943033,0.582461822,63.40808161,298.1314459,6711.737517,1.938474233,No,0,0,0
74.4386698,0.368715033,61.75309442,47.0891415,5607.166804,0.997978854,No,0,0,0
74.98614957,0.641487414,49.41813481,82.46070314,5718.874187,1.718108177,No,0,0,0
68.12700963,0.515647626,81.01869031,68.17888539,5030.821291,0.62905914,Yes,0,0,0
73.82525454,0.478365602,25.3783232,68.55732873,6095.579618,2.740416981,No,0,0,0
79.66166426,0.544284611,22.8430778,173.912322,5803.198538,2.796158069,No,0,0,0
71.29757559,0.521839707,53.62074717,328.2967994,6080.895344,3.116865681,Yes,0,0,0
70.46195959,0.465580354,91.73554001,121.5278296,5582.740982,1.151761898,No,0,0,0
79.0326454,0.474728933,42.20554804,377.972978,6336.435234,2.161778264,No,0,0,0
65.8199523,0.413113745,33.78474598,25.35241868,6171.594055,0.207145437,No,0,1,0
77.52496627,0.565639075,94.25667155,99.5963022,5427.93846,0.201283438,Yes,0,0,0
83.20321797,0.446800619,33.45786037,138.8152097,5977.056027,1.547314292,No,0,0,0
88.59948542,0.404374158,49.98724294,150.6219658,6142.34225,2.445714756,Yes,0,0,0
74.09617993,0.516586352,78.32124083,169.1954458,7004.220778,3.464870091,No,0,0,0
88.6759724,0.632914128,40.87392068,48.6228358,6047.890424,3.793367325,Yes,0,0,0
85.34409886,0.495165538,38.38796222,256.6465193,5529.795501,2.0089049,No,0,0,0
65.0378736,0.439189874,51.81337871,16.94692897,5841.868474,3.778032108,Yes,0,0,0
62.82061488,0.540389602,82.98918517,39.17668826,5984.388267,3.638020053,No,0,0,0
71.95036362,0.693671246,92.87866825,75.89457569,5933.202356,3.162370853,No,0,0,0
85.28935493,0.354809447,22.50340223,107.5780115,5079.264053,0.708148806,Yes,0,0,0
74.27712992,0.538220279,33.20865019,41.99527824,5834.211552,1.436219943,Yes,0,0,0
68.99342442,0.520508663,96.68810313,286.0887998,5653.345553,2.669383759,No,0,0,0
90.5224318,0.61615338,67.42330332,72.14406319,5869.743519,4.069659669,No,0,0,0
77.86904488,0.599090917,64.11282153,12.68824819,7060.481203,2.016569084,No,0,0,0
51.79405724,0.481329089,85.08349434,205.1453145,5583.854696,4.835331232,No,0,0,0
78.17160626,0.331548274,23.18266384,403.855259,6718.970502,3.327002849,No,0,0,0
80.20040615,0.580656377,21.10690009,51.01788565,6580.309072,1.565278186,No,0,1,0
77.25608654,0.416480731,97.39952398,97.06564607,6341.748909,2.807170401,Yes,0,0,0
79.497121,0.405325959,86.28565485,104.9806059,6001.555209,1.875368407,No,0,1,0
74.32724391,0.614835058,79.79054252,194.1090633,6327.19671,4.559905722,No,0,1,0
61.8160413,0.408914962,32.45606161,19.76207359,5775.040111,0.24173597,No,0,0,0
71.29295997,0.640284474,58.12831384,220.854029,5726.770434,1.144577675,No,0,0,0
65.54384204,0.533584472,94.98348309,153.4476575,5626.069164,0.482832655,No,0,0,0
65.67259089,0.53191184,94.68796765,4.265325473,6136.950795,4.02809846,No,0,0,0
62.36931651,0.530726478,20.73976856,100.4185993,5895.114709,0.955397012,No,0,1,0
79.52489093,0.336157637,80.19931272,3.412105794,5880.207467,3.714236905,No,0,1,0
75.97896145,0.322361138,20.49902132,82.32627642,6710.114406,2.807982471,No,0,0,0
70.51834637,0.521555305,98.74413821,109.7789522,5647.625744,4.151079926,No,0,0,0
68.50662072,0.556800736,53.35737616,120.9034087,6367.682448,4.974743963,Yes,0,0,0
74.76576895,0.508261103,97.88150064,313.8762174,5739.036191,0.771183933,No,0,1,0
85.79194728,0.417846548,49.41974472,42.2975398,5203.902487,0.752086657,No,0,0,0
54.95784285,0.50189221,43.45498325,223.3839807,5287.024776,3.181077667,No,0,0,0
78.76876521,0.491796585,45.30335711,72.22604971,5754.223814,0.181521865,No,0,0,0
69.54288026,0.40428419,78.45432533,131.9318644,6314.805745,4.087089751,No,0,0,0
56.15414155,0.601397215,35.97382671,197.9958334,6320.893197,1.883196459,No,0,1,0
55.54296917,0.326972394,89.12461534,154.5004291,5879.656424,1.994673615,No,0,0,0
65.87216506,0.558874241,67.24581549,190.462822,6309.210854,2.860229064,Yes,0,0,0
77.19509556,0.538432341,97.59288208,121.295086,6038.131555,1.710476954,No,0,0,0
78.93062934,0.600971185,98.96679228,193.6018312,5869.25484,1.5011762,Yes,1,1,0
65.61018427,0.399468813,34.8145601,287.6452656,6427.365633,1.024846094,No,0,0,0
85.17020991,0.510140715,96.46256429,281.7335479,6593.94695,3.594107352,No,0,0,0
89.22983497,0.717116495,23.72307891,47.67967347,6508.013696,3.843062804,Yes,0,0,0
78.96086585,0.566207429,22.22909793,428.9496945,5846.56352,3.04051332,No,0,0,0
69.08597332,0.510058121,95.50916619,7.127587173,6283.853814,1.180169007,Yes,0,0,0
86.24419185,0.553916127,96.991739,114.9794349,4935.377164,3.473794716,No,0,0,0
82.55395696,0.508617684,31.77981381,82.03699408,6097.533461,0.789294531,No,0,0,0
83.67407411,0.719089801,55.39326523,31.43798739,6180.501183,4.391412309,Yes,0,0,0
68.43536325,0.59836362,59.52740224,91.92435698,6075.987599,2.231630292,Yes,0,0,0
46.65445495,0.491438505,88.82249892,8.187635726,5888.863635,2.37930637,No,0,0,0
96.16791021,0.525233143,70.23337946,96.8154756,6652.386593,1.020740952,No,0,0,0
58.89121597,0.4609202,81.96531394,231.2810049,5953.38115,3.077555606,No,0,0,0
74.64231928,0.620985013,58.80774763,18.23450901,5930.231032,4.925244424,No,0,0,0
98.80745351,0.359389523,71.87309618,47.22773789,5879.531627,2.945502425,No,0,0,0
78.30576756,0.339526147,78.8327488,119.675131,6517.05269,3.261725773,No,0,0,0
84.49246474,0.645871475,79.03050271,53.42351353,5853.770188,1.44244583,No,0,1,0
59.97603431,0.715311979,20.13902614,64.33783277,5582.825316,1.62925704,No,0,0,0
57.22333045,0.546830491,27.9926459,49.58052842,5945.620729,0.98177795,No,0,1,0
69.67297208,0.511273794,49.09283529,79.08889301,6853.856879,2.57300836,No,0,0,0
85.90749734,0.565726769,24.89579577,56.05455757,5849.656943,0.739872883,Yes,0,0,0
71.53750552,0.435294647,50.63917619,18.69300506,6307.885817,3.092406381,Yes,1,0,0
67.05363679,0.517124355,51.16534788,26.59927759,5860.944631,2.326551121,No,0,0,0
76.9796729,0.503890871,93.61868298,9.907562422,5861.626593,3.121559465,Yes,0,0,0
85.81935218,0.562656425,65.36574839,75.65608653,5719.579308,0.353604248,Yes,0,0,0
60.55059801,0.344200147,76.50810244,224.0327511,5391.84797,4.420285361,No,0,1,0
62.89457006,0.449296523,90.97589457,11.38997389,5945.109186,1.892906891,No,0,0,0
67.11330745,0.58449956,55.37034565,129.0081759,6359.227876,1.034656793,No,0,0,0
85.94638375,0.432440617,20.15697157,65.41344107,6788.096482,2.503918573,No,1,0,0
77.34821526,0.400663862,42.82688197,246.1081081,6220.934748,4.649104483,No,1,0,0
96.32153411,0.704207215,85.132696,54.17735607,5591.569461,3.471430734,Yes,0,1,0
84.36445726,0.5038118,92.14729358,142.2744253,6372.7523,1.700433601,Yes,0,0,0
74.64904823,0.442108186,48.12076649,61.12165139,6227.014587,1.519217737,No,0,0,0
87.65077838,0.330762956,43.51930024,93.69282323,6699.181595,3.306432785,Yes,0,0,0
77.11497013,0.572934635,93.96041689,178.9695975,7044.805228,0.444023283,No,0,0,0
67.95078647,0.569913615,48.08589888,412.5075813,6607.303878,1.827050912,No,0,0,0
81.79974844,0.47012404,72.17961505,17.38747945,5803.620901,2.393388918,No,0,0,0
68.03673346,0.389776981,42.4247388,90.37239363,5920.385228,3.802587386,No,0,1,0
72.09602899,0.497545058,27.8335039,17.02477297,6578.970265,1.627586568,No,0,0,0
88.27782696,0.416414393,60.09890494,3.717436978,5746.153432,3.960759143,No,0,0,1
73.98718514,0.405790641,93.85854697,165.3756311,5929.758268,3.913437453,Yes,0,0,0
66.96858613,0.489678725,69.49126031,490.8756718,6317.17012,0.097316052,Yes,0,1,0
70.35662309,0.39486096,36.70612998,108.5837363,6535.303027,0.95206562,No,0,0,0
85.21790586,0.524664896,74.59436587,9.022784064,6111.455385,3.266971393,No,0,0,0
69.47459327,0.560799251,81.46889153,7.645844503,4553.740089,2.480210302,No,0,0,0
71.13129153,0.416036755,45.66084495,45.32110512,6169.682982,0.138181608,No,0,0,0
69.8970726,0.36317549,64.73675211,57.53552669,5843.975402,1.798244405,Yes,0,0,0
76.83925494,0.65612796,74.55625052,0.46487741,5512.039501,3.128867999,No,0,0,0
71.1451024,0.405972976,32.82825163,221.9390142,6012.065083,4.958431699,No,1,0,0
58.98163951,0.434005729,97.12807518,75.86426044,6560.232075,1.034372476,No,0,0,0
66.12819058,0.521301717,56.10015692,654.1114061,5435.061385,0.763595033,Yes,0,0,0
65.67210958,0.559936937,98.37315124,258.6519087,6794.961496,1.82184231,Yes,1,0,0
87.43319384,0.474368311,35.16590927,83.36412033,6489.36505,2.754563146,No,0,0,0
83.12674042,0.546079433,58.7018837,118.3599252,6467.081813,3.32249659,Yes,0,0,0
80.87259379,0.459901384,33.26829229,45.32191666,5592.645703,1.804073785,No,1,0,0
69.94641683,0.402882934,20.81446579,43.37770908,5874.378776,1.142208191,Yes,0,0,0
66.84208458,0.642631686,39.03001381,16.73972206,5808.582564,0.026122152,No,0,0,0
69.92482398,0.748844161,52.25498697,94.60054122,6000.170479,0.917234995,No,0,0,0
64.48119897,0.669596953,54.49045902,10.22398241,5968.8976,0.500317822,Yes,0,1,1
99.97200392,0.514180664,90.92041241,71.05722347,5841.32556,1.210549327,No,0,0,0
52.54678352,0.683343536,70.85418111,46.5841936,5911.036327,1.612872363,No,0,0,0
80.64008535,0.535570352,54.75533242,187.5828805,5894.189842,0.393692007,Yes,0,0,0
62.15447702,0.452271373,99.03981597,57.64441903,6133.741932,2.029229794,No,1,1,0
73.95656509,0.546637957,69.13794653,278.1181242,5174.091482,0.838130399,No,0,0,0
65.11998058,0.490560749,45.8130372,25.216978,6243.289174,2.906837758,No,0,0,0
63.22371038,0.401688182,75.3048705,320.0518659,6848.635849,1.889387075,No,0,0,0
63.59803699,0.410167803,59.65599381,107.9575954,6536.250424,3.198260329,No,0,0,0
92.54986154,0.580205174,90.49341553,15.37295486,5527.051387,3.880771937,No,0,0,0
73.67011578,0.315346802,91.72090097,83.69481535,6522.304012,0.423514974,No,0,0,0
67.34297806,0.560413674,49.38803201,37.42356065,7144.813926,1.912393383,No,0,0,0
80.55786964,0.33704164,64.98712407,165.8937308,5878.72187,4.888875901,No,0,0,0
75.10349315,0.287882356,41.26187552,126.4284473,6360.515961,0.01154798,No,0,1,0
82.20033759,0.31611534,70.13094014,7.774899805,7149.6902,2.294555034,No,0,0,0
56.75743344,0.696676397,99.38775699,64.86065329,6515.147814,2.344547779,No,0,1,0
78.03603904,0.480376604,86.60708143,261.7888229,6775.360301,4.118607788,Yes,0,0,0
82.72694837,0.508658318,49.31279202,62.87477336,5452.387222,1.451134534,No,1,1,0
58.38401709,0.641925505,27.63042816,163.3362908,6117.810429,3.880153248,No,1,0,0
79.48195284,0.593417975,97.33455899,14.44100387,6195.984551,0.011001113,No,0,1,0
91.96181573,0.360849473,51.16678229,242.0135378,6282.143565,2.453750089,No,0,0,0
74.85142297,0.586900634,43.47047146,83.76270873,6394.753773,1.596602441,Yes,0,0,0
83.21405937,0.518418126,45.30683143,353.7981226,6078.087529,4.040777648,No,0,0,0
81.7057045,0.46583219,59.19386933,92.48665697,5343.802932,2.014736394,No,0,0,0
67.92494302,0.502429091,96.5401119,175.9578039,6533.136207,0.349392098,No,0,0,0
75.39766735,0.627981202,98.92978571,429.5552131,6189.430164,3.541934825,No,0,0,0
59.33005289,0.411403352,43.69013819,156.830131,5410.691685,0.066114938,No,0,0,0
70.48696963,0.540088568,48.11749662,103.3235393,6379.49791,1.672082698,No,0,0,0
77.65687975,0.499034276,60.94452481,54.81886659,6276.490006,2.491649989,Yes,0,0,0
82.23100494,0.320283538,20.65498309,5.214691121,6268.517274,3.708712056,Yes,0,1,0
75.24612125,0.419774683,33.98692506,67.99140932,5856.582396,1.565319565,No,0,0,0
82.1998373,0.519321355,94.88472164,63.82149245,6817.202822,0.520487272,No,0,0,0
63.97093787,0.629734209,22.35481896,207.8348816,6285.613316,4.126282684,No,0,0,0
73.98302725,0.600133102,28.07810238,25.1758646,5605.02297,0.049113311,Yes,0,0,0
75.19279385,0.55972125,53.65176136,162.8757899,5228.62103,4.365655662,Yes,0,0,0
93.49591247,0.418472434,78.51601993,4.594476758,5616.333909,0.532487696,No,0,1,0
72.85833344,0.680121399,41.51025843,260.9719931,4815.188353,0.628504773,No,0,0,0
70.00983362,0.521524047,44.47724724,132.2936906,5869.720078,0.831144322,No,0,0,0
75.21351224,0.399363448,44.43783841,65.87394039,6064.478525,0.741715047,No,0,0,0
65.80886555,0.481709502,89.80815414,37.02909563,5396.166783,3.973895259,No,0,0,0
76.92753849,0.589624843,38.0878085,24.45990186,5727.278205,4.054906822,No,0,0,0
71.34944783,0.50076175,64.99214608,105.7239015,6776.641325,0.847339933,Yes,0,0,0
57.08672452,0.588686469,99.99449176,63.36448293,6053.645668,0.562588103,No,0,0,0
74.41413449,0.610369396,78.27723959,163.0521929,6767.671772,2.86240315,No,0,0,0
71.82456906,0.540053068,46.90805242,284.728145,5907.524291,3.498534787,No,0,0,0
58.67576698,0.414229738,81.23671763,42.05784987,5911.608643,2.795199288,No,0,0,0
74.32865845,0.513545466,96.31325659,125.9444966,4900.372977,0.138449332,Yes,0,1,0
89.89355962,0.504516586,49.88302457,65.93179914,6364.644374,3.830441263,No,0,0,0
80.21303748,0.685934633,76.64089921,5.241502818,6550.27912,3.57095108,Yes,0,0,0
81.11927193,0.337367806,26.06434105,114.6763683,5828.815978,3.586297876,No,0,1,0
61.58503274,0.486517755,91.62374694,54.25069934,5844.847887,1.036066145,No,0,0,0
79.76898369,0.441590645,27.70053797,1.658534217,6406.518189,0.351413538,Yes,0,0,0
76.48449581,0.533510562,49.8340077,76.70272837,5631.851455,4.986422115,No,0,1,0
80.29045238,0.256243564,63.40046743,11.53755843,5608.83784,2.388986163,No,0,0,0
79.22628622,0.611492456,41.0862114,118.7181117,6158.549083,3.631213712,Yes,0,0,0
61.40219274,0.501374849,71.94154608,89.71148285,5696.874326,0.482086892,No,1,0,0
74.58599188,0.315529884,64.35429819,83.26138923,6305.528942,2.524661319,Yes,0,0,0
67.4212914,0.463888687,77.37481922,331.5246075,5539.845242,2.520483293,No,0,0,0
74.49915906,0.560896234,48.33114921,254.8597659,6754.75446,0.614290067,No,0,0,0
66.02599073,0.340855212,63.68111117,150.1839131,6328.231842,1.758038224,No,1,0,0
88.12470367,0.500322222,84.97483201,103.3994632,6032.92559,4.457316693,No,0,0,0
66.41027612,0.394252635,84.85570768,34.90153894,5563.184684,3.451074631,No,0,0,0
66.01057844,0.444401497,77.13919799,0.98355183,5471.12305,3.658353999,No,1,1,0
75.74586407,0.502673838,63.35487117,15.29020677,5551.381485,4.391443958,Yes,0,1,0
64.22900931,0.518345025,73.86088806,46.33143187,5283.89835,1.551427995,No,0,0,0
70.75336698,0.45292575,26.95042321,26.2874041,6670.215159,3.949723513,No,0,0,0
66.70035402,0.527279639,57.70537606,101.2774752,6171.03742,0.482693613,No,0,0,0
89.11172064,0.581797761,88.81148002,91.87319518,6535.314165,2.887743659,No,1,0,0
82.85803827,0.472108572,68.58918574,59.2745384,6869.532518,2.670740382,Yes,0,0,0
74.42530482,0.643156776,95.33464847,193.4597104,6653.303012,2.155961001,No,0,0,0
71.08782948,0.646221417,40.9742817,157.6353906,6224.808396,1.045845777,No,0,0,0
84.40917615,0.457129793,27.70414417,139.7252078,5794.474777,2.137632572,Yes,0,1,0
79.0520408,0.436215944,70.12907485,83.82144487,6374.649778,4.221415697,No,0,1,0
79.98052405,0.333582701,27.27407439,5.330067635,6105.568885,3.65351687,No,1,0,1
74.73807763,0.487343067,82.57082907,67.03977194,5869.67443,2.203016164,No,0,0,0
58.11769972,0.463656222,40.53939265,82.98146244,5742.400815,4.837943405,Yes,0,0,0
73.87534017,0.577905122,63.10014868,71.27174127,6539.608388,3.926459579,Yes,0,0,0
69.67510081,0.349033839,84.91016322,0.538160138,6738.731393,0.221303089,No,0,0,0
81.45055273,0.472260861,83.0428295,126.8143094,5862.445638,3.753682618,No,0,0,0
85.11842433,0.596874439,59.67800217,35.71056101,5781.496144,3.592688898,No,0,0,0
68.42048955,0.42696429,98.06771307,5.482410039,6349.084869,0.246103276,Yes,0,0,1
79.68385234,0.423763846,59.81065257,84.01302884,5682.411801,4.632786328,No,0,1,0
92.35878998,0.355305967,42.30331334,303.9113332,6301.838343,2.335194316,No,0,0,0
68.32287279,0.762057385,44.19449956,3.585881573,6868.464803,1.19563749,No,0,0,0
91.8192174,0.425252682,79.49141791,1.660425927,5791.082782,2.241128955,No,1,1,0
66.47414153,0.369965317,54.96856311,106.3344812,6012.256616,4.168902334,No,0,1,0
75.22959756,0.41961496,53.50307878,93.96501279,6994.846539,1.252529098,No,1,0,0
74.88854388,0.422570492,21.63892762,1.899720017,5813.415844,4.570463966,No,0,0,0
75.114989,0.473061022,44.42225283,13.0531278,6070.518366,0.323699044,Yes,0,0,0
66.62321958,0.582537223,88.83064639,217.2357728,5529.092263,0.446785421,Yes,0,1,0
69.08816896,0.470167683,84.28035986,72.31748635,5648.582702,2.996620292,No,0,0,0
68.32279714,0.407717669,79.7208688,15.93976452,5310.581514,2.548984775,No,0,1,0
78.26962595,0.35486615,21.85027093,20.34102909,7462.624792,3.357525398,No,0,0,0
78.30035115,0.502185736,22.15922331,113.4315901,6285.875996,0.217229642,Yes,0,0,0
97.25944332,0.504253907,44.91719675,47.81861923,5977.062225,1.301211845,Yes,0,0,0
88.70989006,0.653093235,57.95626178,3.124966155,5471.467854,3.515723407,Yes,0,1,0
69.90156758,0.509244774,92.77930144,121.2782672,5087.653468,1.722007842,Yes,1,0,0
78.24869616,0.490099169,50.77038528,3.946542146,6120.869144,1.523273365,No,1,0,0
84.97117981,0.394934616,43.08200023,14.02180975,5927.42409,4.098884815,Yes,0,0,0
75.30601824,0.469404742,65.69223746,20.74657084,6250.996332,3.980315309,Yes,0,1,0
74.30358422,0.456152554,93.17554396,18.55700365,6346.164421,3.724954693,Yes,0,0,0
75.51574943,0.462983584,79.09109692,172.0379915,6506.137521,3.13812708,No,0,0,0
83.67276629,0.404074461,88.53330256,11.77248967,5978.911444,4.772025719,No,0,0,0
66.51679477,0.55383296,34.57581159,19.31064928,6311.005232,0.105284979,Yes,1,0,0
71.74330531,0.485755458,30.05315563,71.09105178,5796.231936,0.763215498,No,0,0,0
79.70433145,0.479964652,63.5256907,18.11042513,5574.276801,2.299441393,No,0,0,0
78.11447072,0.328595388,75.78966606,164.893556,5830.908366,1.403449217,No,0,0,0
77.3958276,0.549364409,96.39904385,80.272127,6384.48387,1.466796717,No,0,0,0
71.30198834,0.548701533,49.72275268,254.0755494,6303.248834,4.90148133,No,0,0,1
84.72535789,0.41608706,47.72454818,4.66335456,5993.693429,0.221102424,Yes,0,0,1
96.33868247,0.599012138,61.26834383,231.8868802,6161.213861,0.129489363,No,0,0,0
79.06415494,0.363524177,74.79503494,20.04149835,6803.754171,4.675724277,No,1,0,0
73.06823298,0.497813009,65.28190217,311.8519592,5098.794946,0.800450205,No,0,0,0
82.55740289,0.472879266,77.84245547,47.35033959,5372.466052,0.214886411,Yes,0,0,0
69.60867363,0.368282521,50.42519497,85.79390439,5993.48312,2.292726396,No,0,0,0
67.50309655,0.518970261,88.97581041,2.877515442,6350.178669,4.409452852,No,0,0,0
75.32808748,0.670257015,34.63804749,156.7379009,5892.363383,1.530323687,No,0,0,0
49.17203367,0.506763423,45.27237143,28.86090521,6451.544227,4.661257253,No,0,0,0
63.46049636,0.453697825,81.8942131,298.1169287,4496.281398,4.326380766,Yes,0,0,0
71.52038144,0.544702416,46.85378032,130.0895448,4834.766371,1.402089414,Yes,0,0,0
61.46611142,0.510572,73.45236819,40.02520005,5716.098356,2.177195961,Yes,0,0,0
64.67356898,0.502776213,43.02380874,36.28004046,7333.661044,4.618690335,No,0,1,0
70.63251663,0.457445779,34.96834739,22.42885324,5999.965824,0.616433895,Yes,1,0,0
58.57034706,0.642197556,44.05860512,194.2601327,4879.275516,0.309466682,No,0,1,0
70.93928204,0.545636336,90.95946376,69.25225163,5819.985134,0.943598008,No,0,0,0
69.64729835,0.447132934,56.8706503,38.91250001,6308.746941,1.128106367,No,0,1,0
75.25405208,0.489199616,38.0332123,366.4529837,6481.111191,0.896945065,No,0,1,0
86.5418403,0.42591333,45.71508713,194.4846376,6235.274456,0.158560335,Yes,0,0,0
76.72504416,0.439170885,20.22167653,105.9145779,5882.097897,3.588294633,No,0,0,0
75.21062021,0.435927428,80.46466302,194.6108109,6339.394647,0.809759731,Yes,0,0,0
75.99454457,0.386568841,38.05419619,15.35728909,6576.809016,2.276944797,No,1,1,0
77.27392775,0.577727696,67.83368322,133.8289337,5722.633597,0.601941792,No,0,0,0
64.83261351,0.470895854,22.00876305,47.01437416,5938.199619,1.827590554,Yes,0,0,0
73.85224675,0.555412758,86.75987456,139.5815428,5931.951147,1.987338126,Yes,1,0,0
78.08751242,0.43298741,34.99558029,391.3424007,5147.228797,4.564929879,No,0,0,0
61.29240017,0.493963751,20.38147022,181.8916288,5371.451788,3.526583778,No,0,1,0
83.65652923,0.42889594,44.09502467,100.0433709,4840.687506,4.530710868,No,0,0,0
85.81376034,0.571966817,93.63896951,164.2301923,6042.168963,2.445481658,No,0,1,0
68.68624012,0.475158069,41.00913744,75.80825017,5851.163374,0.846708247,No,0,0,0
72.58662209,0.426912641,60.27830705,39.41135149,5830.483562,2.048166219,No,1,1,0
66.21809657,0.335829677,52.57838755,4.977920523,5982.798125,2.96839244,No,0,0,0
81.99380484,0.527566655,43.53994067,135.6878132,6259.634594,2.706225824,No,0,0,0
64.38777713,0.429161495,94.18828629,18.46088819,5663.708451,4.48152746,No,0,0,0
72.7752299,0.498422078,83.11959264,73.79752655,6586.805613,2.961888981,Yes,0,0,0
66.41080092,0.450826989,80.95306523,131.8651143,5203.885256,1.283154106,No,1,0,0
75.50954277,0.595418958,62.08856996,266.2930012,5993.1754,4.762931648,No,0,0,0
57.05770729,0.554414475,85.9889339,112.7973804,5950.827255,0.869630841,No,0,0,0
88.26461642,0.544721209,56.67429266,29.46582336,6424.938537,2.382191323,No,1,0,0
65.35393576,0.438387888,57.21516404,77.10718578,5752.507145,4.438252562,Yes,0,1,0
75.59894683,0.546629004,59.50192507,132.1771912,6534.365429,3.549609204,No,0,1,0
72.87476955,0.671483161,38.95281802,26.07690205,5883.066795,2.676912136,No,0,1,0
67.37885488,0.416781397,93.89214875,158.0891439,5949.097447,3.439140265,No,0,1,0
66.12219863,0.517233914,40.70005399,173.1814793,5925.461419,2.188967498,No,0,0,0
84.36398544,0.335078303,35.85276,88.71031242,6349.048121,1.984029412,No,0,0,0
69.74359407,0.639856209,39.50014347,234.9104079,6426.574082,3.139190202,Yes,0,1,0
77.71170185,0.46020879,85.38816933,30.54679358,5697.629602,3.68504116,No,0,0,1
66.98503115,0.578257888,81.48365101,92.59468243,5295.554519,4.687301127,Yes,0,0,0
68.52818568,0.327677175,54.16854468,269.5039547,5509.449192,4.182727737,No,0,0,0
79.7224715,0.679753939,21.10255237,146.148938,6082.591534,4.803462532,Yes,0,0,0
84.30408496,0.464312847,98.05880266,197.3296892,5991.677072,0.579430617,No,0,1,0
73.24683598,0.554565732,30.6024782,30.13779935,6070.466335,4.947367329,No,0,0,0
60.78080128,0.515081821,88.11381413,102.0549044,5637.413935,1.001508933,No,0,0,0
94.9795608,0.474452921,82.53784693,46.99504722,6397.870408,0.404519616,No,0,0,0
66.43450692,0.66857923,95.04606254,129.0753321,5911.780729,3.284052514,Yes,0,0,0
59.584126,0.335195379,81.87188313,88.73049269,5183.282735,3.367436439,No,0,0,0
100.9442459,0.529871366,46.50972727,117.85603,6077.67489,4.869111292,No,0,1,0
70.95967706,0.591064567,38.55312347,115.3765479,6273.712999,3.855118429,No,0,0,0
60.38267312,0.497014388,50.21526563,160.0150051,6071.880156,1.963291657,No,0,0,0
68.16560233,0.488182922,36.24697364,192.4637885,6065.11049,3.000527067,No,0,1,0
78.67544896,0.485731229,77.56597982,7.665003318,6113.585976,3.047271736,No,0,1,0
76.90311558,0.377236358,86.1214906,355.6542069,5473.135436,3.827093677,No,0,0,0
66.48270803,0.503812738,71.71511139,62.59503013,6765.876512,2.905490189,No,0,0,0
93.227236,0.551271752,34.8874185,22.37357606,5836.753208,1.932203399,Yes,0,1,0
69.78420322,0.506859923,22.99077688,306.0949916,6733.422585,3.407290507,No,0,0,0
63.1531341,0.47277239,66.43210135,183.8924554,5722.935566,1.200507528,No,0,1,0
84.60693398,0.451027498,57.01384841,65.44048534,6483.337686,1.747756212,No,0,0,0
88.29062847,0.472070333,35.97631426,109.9292449,6120.089824,0.358155614,No,0,0,0
66.82506902,0.625774422,49.44671218,30.77259572,6050.157217,4.08115084,No,0,1,0
60.98652707,0.291336502,63.31730045,63.95430086,5530.604272,0.354995461,No,0,0,0
85.30438267,0.504007146,70.63336898,61.48721528,6602.909278,1.493984071,No,0,0,0
54.52676387,0.467224508,58.1315022,168.3105773,6209.486005,4.628164562,No,0,1,0
62.73378341,0.645580795,97.71142574,67.81755541,5954.874965,2.797048423,No,0,0,0
84.6744615,0.505549223,23.69811204,168.7166224,6603.687493,1.089399598,No,0,0,0
74.44647452,0.64849256,72.65663304,187.3231259,6044.290099,4.964435827,No,0,0,0
72.36062651,0.287610998,92.76463214,58.45697094,7104.902795,4.403647411,No,0,0,0
78.52816606,0.54595849,38.92513689,69.5917912,6508.33856,0.340901363,No,0,0,0
73.47225576,0.528005786,37.09657505,88.2554331,5834.645462,1.151425312,No,0,0,0
62.01313278,0.639053397,80.9786246,0.42202476,6679.190944,3.211302967,Yes,0,0,0
87.76075346,0.335865139,58.90990353,26.03775925,6030.428192,0.994015785,No,1,0,0
88.25014053,0.484496419,99.37420054,225.3856976,7002.94572,2.685889667,No,0,0,0
77.05332564,0.506606026,67.12988964,171.7250374,6040.829182,0.829303804,No,0,0,0
75.45134015,0.450420451,93.87535468,9.63483406,5960.395317,3.363527544,No,0,0,0
98.39624806,0.621657771,20.97684157,120.9093114,6046.98415,2.656180585,No,0,1,0
72.23567155,0.466131781,32.36316964,2.514401921,6199.753342,4.847161218,Yes,0,0,0
72.40423018,0.703476254,74.75352358,91.68081583,6774.65563,0.669066388,No,0,0,0
78.64481249,0.605417791,53.31730959,21.13425451,6146.42846,2.653606246,Yes,0,0,0
89.71321956,0.59508337,86.87716555,230.4485553,5946.642537,1.558619448,No,0,0,0
90.92770754,0.555929898,54.3118474,114.483854,5753.269989,3.063443815,No,1,1,0
72.41427368,0.393630441,77.03973571,7.934502243,6392.840648,1.016277702,No,0,1,0
78.08331246,0.456890366,65.29280136,123.0168328,5722.827435,4.626962302,No,1,0,0
61.21916533,0.557275137,29.59228539,267.2953231,5415.584839,2.189609086,No,0,0,0
71.88023892,0.567755703,77.43609654,158.7786993,5528.87678,2.158856904,No,0,0,0
66.59709605,0.630718385,76.50974411,14.68755076,5767.536198,3.931625216,Yes,0,0,0
64.93168248,0.453255899,29.2574521,131.2683823,5937.782814,4.537591349,Yes,0,0,0
91.81576716,0.413984662,64.95291662,113.2094292,6526.586035,2.46986881,No,0,0,0
67.07713338,0.585910419,46.8520014,119.7495181,5711.378224,3.856446142,No,0,0,0
69.68394092,0.419037342,56.70798256,190.2643793,6598.564226,0.719704817,No,0,0,0
78.65848788,0.587331184,53.82069544,43.5609614,5181.146856,1.262045556,Yes,0,0,0
87.97825267,0.619973618,28.38195234,52.70779502,7317.3014,3.464951569,No,0,0,0
79.81115126,0.545615304,32.6418389,27.04995647,5206.788037,4.633735544,No,0,1,1
102.5935511,0.464242097,26.94468929,73.31643478,6099.043519,0.586043722,No,0,0,0
74.25332022,0.504108223,35.39576109,63.28407464,5891.209991,0.671935968,No,0,0,1
77.5871644,0.559346592,88.19555092,10.54201237,5607.342639,4.876136186,No,0,0,0
77.75600674,0.501018552,21.96181194,33.34468374,6338.204342,0.456181796,No,0,0,0
89.35049387,0.719829634,54.52938002,15.33012995,6528.607082,0.214479486,No,0,1,0
80.07238951,0.400932907,84.0749111,97.02922577,5913.906945,2.658771677,No,0,1,0
73.837703,0.399733141,28.02065636,24.88224645,6604.692456,1.122056605,No,0,1,0
65.52511405,0.402310461,38.21708721,47.27221598,6032.028846,1.488132838,No,0,0,0
77.44443456,0.441042008,78.1951766,203.8272745,5468.110017,3.089468467,No,0,1,0
89.01344831,0.282106848,71.80419461,101.7935828,5960.406247,1.756232183,No,0,0,0
70.89618206,0.437034957,65.04190694,87.97216928,5736.251967,4.978271073,No,0,0,0
80.28943618,0.43467153,33.73126533,346.6682682,6230.107386,1.141105158,No,0,0,0
77.46147789,0.507851403,83.56248096,69.01199828,5800.416554,4.326377026,No,0,0,0
83.63519658,0.541780058,31.31312895,258.129092,5962.908402,4.376113846,No,0,0,0
66.95246259,0.375978366,30.78383158,103.4884878,5457.321279,2.187931995,Yes,0,0,0
98.46647031,0.590005424,83.60280354,62.37094406,6534.678234,4.986681552,No,0,0,1
62.20838893,0.680224223,49.53786623,50.97097668,5822.185788,1.4140015,Yes,0,0,0
71.3444891,0.47917149,45.00936927,280.4338376,5465.261445,0.455318686,Yes,0,0,0
84.38092541,0.657437124,42.2937641,99.95681375,7315.737151,2.835974873,No,0,0,0
77.96733172,0.519898949,45.99776851,34.79633268,5293.512813,0.037358873,No,0,0,0
83.29986159,0.698873192,47.24700798,87.94358966,6253.715153,2.370818774,No,0,0,0
70.03897666,0.611728347,75.70941549,34.48519726,4918.167219,4.184018957,No,1,0,0
74.25195017,0.343609537,39.22097609,33.03808326,6154.261375,2.098535379,No,0,0,1
75.12231984,0.501862737,46.02611628,16.59307227,6094.05676,1.019961845,No,0,0,0
90.69259615,0.605432497,82.09692068,140.2748696,5873.811016,1.278277753,No,0,0,0
81.90429024,0.503054658,93.05204587,182.2659229,5318.227995,4.569041137,Yes,0,0,0
82.96672108,0.496311647,69.02687762,46.91860357,5570.734527,3.311063521,No,0,1,0
68.42073907,0.626976475,28.40945836,63.17296017,5596.719613,0.806559331,No,0,0,0
84.68882639,0.429014582,63.32677286,189.0438582,5412.938185,2.315967304,No,0,0,0
77.25581664,0.501751561,70.22230994,1.972507074,5525.977078,3.072968967,Yes,0,0,0
88.89145316,0.532362576,45.12421576,48.56541892,6717.562946,2.525702054,No,0,0,0
95.14060155,0.466620904,86.24002983,44.1100014,6195.604506,3.925444356,No,0,0,0
71.93234224,0.49798709,82.56630486,94.08729225,6665.413825,0.031462264,No,0,1,0
70.9369687,0.577502326,66.02453654,270.3060441,5505.578948,1.40532175,No,0,0,0
66.35955009,0.543283762,31.60124715,4.963248751,5784.348381,2.87295356,No,0,0,0
73.56420488,0.419128247,75.79051725,222.0065037,5131.475223,2.694498769,No,0,0,1
71.17974551,0.389587601,91.62789311,97.73688615,5404.772134,0.520400985,Yes,0,1,0
78.595044,0.421089782,40.00808878,106.3108591,5854.443426,0.876080551,No,0,0,0
73.55433183,0.500124846,96.69487165,377.4907603,5789.696824,3.764793615,No,1,0,0
71.38400719,0.484006021,81.70419176,16.47486854,6888.676888,2.673927425,No,1,0,0
85.64585136,0.416804251,44.02572598,38.86238206,6054.023287,3.199836855,No,0,0,0
65.62119769,0.440184955,69.34568993,31.37184621,5867.450058,4.083761104,No,0,0,0
79.33107953,0.347996071,44.62783457,75.92302867,6229.731296,2.919133409,No,0,0,0
70.94058273,0.54178537,27.95743009,104.0514665,6013.439276,1.569747083,No,1,0,0
82.24368505,0.495998127,85.93189357,156.1739483,5457.148232,2.616251468,Yes,0,0,0
88.85261547,0.374021266,73.26456276,6.539710482,5686.556128,0.651958477,No,0,1,0
71.96901747,0.50286205,69.1200521,66.64216545,6699.478441,1.360386162,No,1,0,0
79.41032907,0.634262201,31.37383046,309.6765762,6651.89385,3.275652012,No,0,0,0
76.78792866,0.426006415,50.19016905,74.51989645,6128.617659,0.205555006,Yes,0,1,0
67.005776,0.631513767,90.1308864,204.2013319,6509.742616,0.00425467,No,0,0,0
77.4078751,0.467654253,33.06435686,14.25129554,6821.404617,4.435362118,No,0,0,1
77.89120505,0.519782817,23.83223096,41.04504648,5779.137144,4.821644076,Yes,0,0,0
79.1287082,0.50977508,35.29211815,159.5429125,6092.15742,4.528063313,No,0,0,0
73.01601103,0.640152342,40.01440057,116.5385008,6110.545451,1.077307818,Yes,0,0,0
75.941923,0.515843385,82.6914019,70.25569879,5586.593234,3.773289018,Yes,0,0,0
63.52389055,0.385809858,71.8513177,132.6452543,6223.215814,2.282340003,No,0,0,0
71.41885925,0.368902963,21.38741974,176.8673846,5428.16099,0.354719339,Yes,0,0,0
